id,playerId,Display Name,First Name,Last Name,Birth Date,Birth Place,National Team,Shirt Num,Position,Position Info,year_id,appearances,clean_sheet,draws,goals,goal_assist,losses,red_card,wins,yellow_card,own_goals
1630,2009.0,Javier Margas,Javier,Margas,1969-05-10,Chile,Chile,,D,Defender,8,18.0,3.0,7.0,1.0,1.0,4.0,1.0,7.0,1.0,
1596,279027.0,Silvio Maric,Silvio,Maric,1975-03-20,Croatia,Croatia,23.0,M,Midfielder,8,13.0,0.0,4.0,,,5.0,,4.0,,
1728,2161.0,Carlos Marinelli,Carlos,Marinelli,1982-03-14,Argentina,Argentina,,M,Midfielder,8,2.0,0.0,1.0,,,1.0,,,,
393,95660.0,Andy Marriott,Andy,Marriott,1970-10-11,England,Wales,28.0,G,Goalkeeper,8,1.0,0.0,,,,1.0,,,,
812,1994.0,Chris Marsden,Chris,Marsden,1969-01-03,England,England,,M,Midfielder,8,21.0,6.0,3.0,,1.0,9.0,,9.0,6.0,
426,2782.0,Ian Marshall,Ian,Marshall,1966-03-20,England,England,,D,Defender,8,21.0,0.0,3.0,,,10.0,,8.0,1.0,
146,3209.0,Nigel Martyn,Nigel,Martyn,1966-08-11,England,England,25.0,G,Goalkeeper,8,38.0,13.0,6.0,,,11.0,,21.0,2.0,
259,5078.0,Dominic Matteo,Dominic,Matteo,1974-04-28,Scotland,Scotland,,D,Defender,8,32.0,12.0,8.0,,6.0,8.0,,16.0,2.0,
1411,2414.0,Matthew Jones,Matthew,Jones,1980-09-01,Wales,Wales,17.0,M,Midfielder,8,11.0,3.0,1.0,,2.0,3.0,,7.0,2.0,
1414,1679.0,Lee Matthews,Lee,Matthews,1979-01-16,England,England,,F,Forward,8,,,,,,,,,,
67,1004.0,David May,David,May,1970-06-24,England,England,,D,Defender,8,1.0,0.0,,,,,,1.0,,
1046,30368.0,Alan Maybury,Alan,Maybury,1978-08-08,Ireland,Ireland,2.0,D,Defender,8,,,,,,,,,,
238,2428.0,Gary McAllister,Gary,McAllister,1964-12-25,Scotland,Scotland,,M,Midfielder,8,38.0,7.0,8.0,11.0,4.0,18.0,,12.0,2.0,
1670,2078.0,Stuart McCall,Stuart,McCall,1964-06-10,Scotland,Scotland,,M,Midfielder,8,34.0,6.0,8.0,1.0,2.0,18.0,,8.0,6.0,
75291,182719.0,Tim McCann,Tim,McCann,1980-03-22,Northern Ireland,Northern Ireland,45.0,D,Defender,8,,,,,,,,,,
1756,4415.0,George McCartney,George,McCartney,1981-04-29,Northern Ireland,Northern Ireland,3.0,D,Defender,8,,,,,,,,,,
1438,1714.0,Jamie McClen,Jamie,McClen,1979-05-13,England,England,,M,Midfielder,8,9.0,0.0,2.0,,,3.0,,4.0,2.0,
1776,2225.0,Dave McEwen,Dave,McEwen,1977-11-02,England,England,,F,Forward,8,1.0,0.0,1.0,,,,,,,
1653,2047.0,Brian McGovern,Brian,McGovern,1980-04-28,Ireland,Ireland,,D,Defender,8,1.0,0.0,,,,1.0,,,,
1662,9788.0,John McGrath,John,McGrath,1980-03-27,Ireland,Ireland,17.0,M,Midfielder,8,,,,,,,,,,
1448,1731.0,Mark McKeever,Mark,McKeever,1978-11-16,Northern Ireland,Ireland,,M,Midfielder,8,2.0,0.0,1.0,,,,,1.0,,
1407,112547.0,Stephen McPhail,Stephen,McPhail,1979-12-09,Ireland,Ireland,37.0,M,Midfielder,8,24.0,6.0,5.0,2.0,4.0,7.0,,12.0,,
75288,182621.0,Gary McPhee,Gary,McPhee,1980-04-18,Scotland,Scotland,30.0,F,Forward,8,,,,,,,,,,
1542,117130.0,Gary McSheffrey,Gary,McSheffrey,1982-08-13,England,England,10.0,F,Left Winger,8,3.0,0.0,1.0,,,1.0,,1.0,,
1278,98252.0,Paul McVeigh,Paul,McVeigh,1977-12-06,Northern Ireland,Northern Ireland,,F,Forward,8,,,,,,,,,,
1712,2144.0,Erik Meijer,Erik,Meijer,1969-08-02,Netherlands,Netherlands,,F,Forward,8,21.0,2.0,8.0,,1.0,4.0,,9.0,2.0,
1506,1817.0,Gavin Melaugh,Gavin,Melaugh,1981-07-09,Northern Ireland,Northern Ireland,,M,Midfielder,8,,,,,,,,,,
1677,97591.0,Mario Melchiot,Mario,Melchiot,1976-11-04,Netherlands,Netherlands,25.0,D,Centre/Right Full Back,8,5.0,1.0,1.0,,1.0,2.0,,2.0,,
1304,1541.0,Alberto Mendez,Alberto,Mendez,1974-10-24,Germany,Germany,,M,Midfielder,8,,,,,,,,,,
23,128586.0,Paul Merson,Paul,Merson,1968-03-20,England,England,9.0,M,Centre Central Midfielder,8,32.0,4.0,11.0,5.0,8.0,8.0,,13.0,2.0,
1646,2243.0,Charlie Miller,Charlie,Miller,1976-03-18,Scotland,Scotland,,M,Midfielder,8,14.0,0.0,2.0,,2.0,12.0,,,3.0,
1400,261255.0,Jamie Milligan,Jamie,Milligan,1980-01-03,England,England,,M,Midfielder,8,1.0,0.0,,,,1.0,,,,
1674,2085.0,Lee Mills,Lee,Mills,1970-07-10,England,England,,F,Forward,8,21.0,4.0,6.0,5.0,3.0,11.0,,4.0,1.0,
1703,278309.0,Danny Milosevic,Danny,Milosevic,1978-06-26,Australia,Australia,,G,Goalkeeper,8,,,,,,,,,,
855,2012.0,Scott Minto,Scott,Minto,1971-08-06,England,England,,D,Defender,8,18.0,2.0,6.0,,2.0,3.0,,9.0,2.0,
1189,2529.0,Robert Molenaar,Robert,Molenaar,1969-02-27,Netherlands,Netherlands,,D,Defender,8,,,,,,,,,,
768,1065.0,John Moncur,John,Moncur,1966-09-22,England,England,,M,Midfielder,8,22.0,3.0,4.0,1.0,,10.0,1.0,8.0,7.0,
1620,6148.0,Garry Monk,Garry,Monk,1979-03-06,England,England,16.0,D,Centre Central Defender,8,2.0,1.0,,,,1.0,,1.0,,1.0
1684,2096.0,Gary Montgomery,Gary,Montgomery,1982-08-10,England,England,,G,Goalkeeper,8,,,,,,,,,,
1795,2845.0,Tommy Mooney,Tommy,Mooney,1971-08-11,England,England,,F,Forward,8,12.0,3.0,1.0,2.0,1.0,7.0,,4.0,2.0,
1815,179461.0,Darren Moore,Darren,Moore,1974-04-22,Jamaica,Jamaica,7.0,D,Defender,8,,,,,,,,,,
1027,3426.0,Jody Morris,Jody,Morris,1978-12-22,England,England,4.0,M,Midfielder,8,30.0,7.0,9.0,3.0,2.0,6.0,,15.0,4.0,
1618,1986.0,Owen Morrison,Owen,Morrison,1981-12-08,Northern Ireland,Northern Ireland,,F,Forward,8,,,,,,,,,,
1243,1455.0,Neil Moss,Neil,Moss,1975-05-10,England,England,,G,Goalkeeper,8,9.0,3.0,1.0,,,5.0,,3.0,,
1423,4624.0,Danny Murphy,Danny,Murphy,1977-03-18,England,England,13.0,M,Centre Central Midfielder,8,23.0,0.0,6.0,3.0,2.0,4.0,,13.0,3.0,
1551,11397.0,Adam Murray,Adam,Murray,1981-09-30,England,England,21.0,M,Centre Central Midfielder,8,8.0,0.0,2.0,,,4.0,,2.0,1.0,
363,3119.0,Robbie Mustoe,Robbie,Mustoe,1968-08-28,England,England,,M,Midfielder,8,28.0,2.0,7.0,,,11.0,,10.0,4.0,
102,2070.0,Andy Myers,Andy,Myers,1973-11-03,England,England,3.0,D,Defender,8,13.0,1.0,4.0,,,7.0,1.0,2.0,,
1396,3838.0,Thomas Myhre,Thomas,Myhre,1973-10-16,Norway,Norway,36.0,G,Goalkeeper,8,4.0,2.0,1.0,,,,,3.0,,
1432,95767.0,Erik Nevland,Erik,Nevland,1977-11-10,Norway,Norway,10.0,F,Centre Striker,8,,,,,,,,,,
1576,96641.0,Jon Newby,Jon,Newby,1978-11-28,England,England,14.0,F,Forward,8,1.0,0.0,1.0,,,,,,,
231,1261.0,Jon Newsome,Jon,Newsome,1970-09-06,England,England,,D,Defender,8,6.0,0.0,1.0,,,5.0,,,1.0,
1631,16931.0,Adam Newton,Adam,Newton,1980-12-04,St. Kitts & Nevis,St. Kitts & Nevis,17.0,D,Defender,8,2.0,0.0,,,,1.0,,1.0,,
1794,2248.0,Michel Ngonge,Michel,Ngonge,1967-01-10,Belgium,DR Congo,,F,Forward,8,23.0,0.0,3.0,5.0,1.0,16.0,,4.0,1.0,
1029,1165.0,Mark Nicholls,Mark,Nicholls,1977-05-30,England,England,,F,Forward,8,,,,,,,,,,
9865,12402.0,Kevin Nicholson,Kevin,Nicholson,1980-10-02,England,England,3.0,D,Left Full Back,8,,,,,,,,,,
1419,1689.0,Jorgen Nielsen,Jorgen,Nielsen,1971-05-06,Denmark,Denmark,,G,Goalkeeper,8,,,,,,,,,,
1817,2275.0,Avi Nimni,Avi,Nimni,1972-04-26,Israel,Israel,,M,Midfielder,8,4.0,0.0,,1.0,,2.0,,2.0,1.0,
1654,40916.0,David Noble,David,Noble,1982-02-02,England,England,14.0,M,Midfielder,8,,,,,,,,,,
1798,2252.0,Gifton Noel-Williams,Gifton,Noel-Williams,1980-01-21,England,England,,F,Forward,8,3.0,0.0,2.0,,1.0,1.0,,,1.0,
953,2310.0,Ian Nolan,Ian,Nolan,1970-07-09,England,Northern Ireland,,D,Defender,8,29.0,5.0,5.0,,1.0,17.0,,7.0,4.0,
1689,2103.0,Runar Normann,Runar,Normann,1978-03-01,Norway,Norway,,M,Midfielder,8,8.0,0.0,,,,6.0,,2.0,,
1214,1422.0,Alex Notman,Alex,Notman,1979-12-10,Scotland,Scotland,,F,Forward,8,,,,,,,,,,
1816,2274.0,Raffaele Nuzzo,Raffaele,Nuzzo,1973-02-21,Italy,Italy,,G,Goalkeeper,8,,,,,,,,,,
1664,27919.0,Andy O'Brien,Andy,O'Brien,1979-06-29,England,Ireland,,D,Defender,8,36.0,7.0,8.0,1.0,,19.0,,9.0,2.0,1.0
1743,2179.0,Phil O'Donnell,Phil,O'Donnell,1972-03-25,Scotland,Scotland,24.0,M,Midfielder,8,1.0,0.0,,,,1.0,,,1.0,
313,1653.0,John O'Kane,John,O'Kane,1974-11-15,England,England,,D,Defender,8,,,,,,,,,,
931,1938.0,Keith O'Neill,Keith,O'Neill,1976-02-16,Ireland,Ireland,,M,Midfielder,8,16.0,2.0,2.0,,1.0,7.0,,7.0,5.0,1.0
1470,1758.0,Alex O'Reilly,Alex,O'Reilly,1979-09-15,Ireland,Ireland,,G,Goalkeeper,8,,,,,,,,,,
1717,130648.0,John O'Shea,John,O'Shea,1981-04-30,Ireland,Ireland,4.0,D,Centre Central Defender,8,,,,,,,,,,
34,3378.0,Michael Oakes,Michael,Oakes,1973-10-30,England,England,1.0,G,Goalkeeper,8,,,,,,,,,,
958,10841.0,Matt Oakley,Matt,Oakley,1977-08-17,England,England,16.0,M,Centre Central Midfielder,8,31.0,7.0,8.0,3.0,3.0,14.0,,9.0,3.0,
122,116.0,Steve Ogrizovic,Steve,Ogrizovic,1957-09-12,England,England,,G,Goalkeeper,8,3.0,0.0,,,,2.0,,1.0,,
1116,1291.0,Manny Omoyinmi,Manny,Omoyinmi,1977-12-28,Nigeria,England,,F,Forward,8,,,,,,,,,,
1226,1434.0,Anthony Ormerod,Anthony,Ormerod,1979-03-31,England,England,,M,Midfielder,8,1.0,0.0,,,,1.0,,,,
1250,279367.0,Egil Ostenstad,Egil,Ostenstad,1972-01-02,Norway,Norway,,F,Forward,8,3.0,1.0,,1.0,,1.0,,2.0,2.0,
1401,10935.0,John Oster,John,Oster,1978-12-08,Wales,Wales,7.0,M,Midfielder,8,10.0,0.0,3.0,,1.0,4.0,,3.0,1.0,
1299,127268.0,Marc Overmars,Marc,Overmars,1973-03-29,Netherlands,Netherlands,11.0,M,Midfielder,8,31.0,3.0,5.0,7.0,8.0,6.0,,20.0,1.0,
1208,6476.0,Michael Owen,Michael,Owen,1979-12-14,England,England,10.0,F,Centre Striker,8,27.0,2.0,9.0,11.0,3.0,6.0,,12.0,2.0,
1779,26954.0,Robert Page,Robert,Page,1974-09-03,Wales,Wales,5.0,D,Defender,8,36.0,6.0,6.0,1.0,2.0,24.0,,6.0,12.0,
1623,1995.0,Marian Pahars,Marian,Pahars,1976-08-05,Latvia,Latvia,,F,Forward,8,33.0,8.0,8.0,13.0,3.0,13.0,,12.0,4.0,
320,1934.0,Gary Pallister,Gary,Pallister,1965-06-30,England,England,,D,Defender,8,21.0,6.0,5.0,1.0,,9.0,,7.0,5.0,
497,2098.0,Carlton Palmer,Carlton,Palmer,1965-12-05,England,England,,D,Defender,8,15.0,5.0,5.0,1.0,,4.0,,6.0,4.0,
1782,2235.0,James Panayi,James,Panayi,1980-01-24,England,England,27.0,D,Defender,8,2.0,0.0,1.0,,,1.0,,,,
48,976.0,Garry Parker,Garry,Parker,1965-09-07,England,England,,M,Midfielder,8,,,,,,,,,,
686,694.0,Joe Parkinson,Joe,Parkinson,1971-06-11,England,England,,M,Midfielder,8,,,,,,,,,,
19,3636.0,Ray Parlour,Ray,Parlour,1973-03-07,England,England,15.0,M,Midfielder,8,30.0,6.0,4.0,1.0,2.0,6.0,,20.0,3.0,
75287,182604.0,Craig Pead,Craig,Pead,1981-09-15,England,England,,M,Midfielder,8,,,,,,,,,,
96,30403.0,Ian Pearce,Ian,Pearce,1974-05-07,England,England,,D,Defender,8,1.0,0.0,,,,,,1.0,,
820,2291.0,Tore Pedersen,Tore,Pedersen,1969-09-29,Norway,Norway,,D,Defender,8,6.0,0.0,3.0,,,2.0,,1.0,2.0,
1096,3227.0,Mark Pembridge,Mark,Pembridge,1970-11-29,Wales,Wales,24.0,M,Midfielder,8,31.0,6.0,12.0,2.0,5.0,9.0,,10.0,4.0,
1495,15274.0,Jermaine Pennant,Jermaine,Pennant,1983-01-15,England,England,15.0,M,Right Winger,8,,,,,,,,,,
1252,1944.0,Lionel Perez,Lionel,Perez,1967-04-24,France,France,,G,Goalkeeper,8,,,,,,,,,,
1788,175805.0,David Perpetuini,David,Perpetuini,1979-09-26,England,England,,D,Defender,8,13.0,2.0,3.0,1.0,1.0,8.0,,2.0,4.0,
587,97107.0,Chris Perry,Chris,Perry,1973-04-26,England,England,5.0,D,Defender,8,37.0,8.0,8.0,1.0,,15.0,,14.0,8.0,
1300,2637.0,Emmanuel Petit,Emmanuel,Petit,1970-09-22,France,France,,M,Midfielder,8,26.0,2.0,5.0,3.0,7.0,5.0,,16.0,5.0,
954,2491.0,Dan Petrescu,Dan,Petrescu,1967-12-22,Romania,Romania,,D,Defender,8,29.0,4.0,8.0,4.0,5.0,6.0,,15.0,2.0,
291,1381.0,Terry Phelan,Terry,Phelan,1967-03-16,Ireland,Ireland,,D,Defender,8,1.0,0.0,1.0,,,,,,,
1187,28262.0,Phil Jevons,Phillip,Jevons,1979-08-01,England,England,10.0,F,Forward,8,3.0,1.0,,,1.0,2.0,,1.0,,
921,3869.0,Phil Neville,Philip,Neville,1977-01-21,England,England,18.0,M,Centre Defensive Midfielder,8,29.0,7.0,5.0,,2.0,2.0,,22.0,4.0,
847,901.0,Ian Taylor,Ian,Taylor,1968-06-04,England,England,,M,Midfielder,8,29.0,10.0,10.0,5.0,,9.0,,10.0,8.0,
1033,12313.0,Paul Telfer,Paul,Telfer,1971-10-21,Scotland,Scotland,,D,Defender,8,30.0,6.0,8.0,,,12.0,,10.0,2.0,
1353,47414.0,John Terry,John,Terry,1980-12-07,England,England,26.0,D,Centre Central Defender,8,4.0,1.0,1.0,,,1.0,,2.0,,
1749,2186.0,Jo Tessem,Jo,Tessem,1972-02-28,Norway,Norway,21.0,M,Midfielder,8,25.0,7.0,4.0,4.0,,13.0,,8.0,,
1282,96171.0,Ben Thatcher,Ben,Thatcher,1975-11-30,Wales,Wales,33.0,D,Defender,8,20.0,3.0,9.0,,2.0,7.0,,4.0,4.0,
1758,10426.0,Paul Thirlwell,Paul,Thirlwell,1979-02-13,England,England,12.0,M,Defensive Midfielder,8,8.0,1.0,4.0,,,1.0,,3.0,2.0,
1707,29108.0,Danny Thomas,Danny,Thomas,1981-05-01,England,England,11.0,M,Midfielder,8,3.0,0.0,1.0,,,2.0,,,,
1019,278335.0,Alan Thompson,Alan,Thompson,1973-12-22,England,England,8.0,M,Midfielder,8,21.0,3.0,6.0,2.0,2.0,9.0,,6.0,7.0,
1459,182536.0,Lee Todd,Lee,Todd,1972-03-07,England,England,12.0,D,Defender,8,,,,,,,,,,
1356,3044.0,Tore Andre Flo,Tore Andre,Flo,1973-06-15,Norway,Norway,,F,Forward,8,34.0,3.0,10.0,10.0,1.0,8.0,,16.0,1.0,
112,1935.0,Andy Townsend,Andy,Townsend,1963-07-23,Ireland,Ireland,,M,Midfielder,8,5.0,1.0,,,,2.0,,3.0,1.0,
1626,2003.0,Paolo Tramezzani,Paolo,Tramezzani,1970-07-30,Italy,Italy,,D,Defender,8,,,,,,,,,,
1571,121145.0,Djimi Traore,Djimi,Traore,1980-03-01,France,Mali,18.0,D,Left Full Back,8,,,,,,,,,,
1430,26439.0,Michael Twiss,Michael,Twiss,1977-12-26,England,England,9.0,F,Forward,8,,,,,,,,,,
1766,2211.0,Tyson Nuñez,Milton,Nuñez,1972-10-30,Honduras,Honduras,,F,Forward,8,1.0,0.0,,,,,,1.0,,
181,4432.0,David Unsworth,David,Unsworth,1973-10-16,England,England,25.0,D,Defender,8,33.0,8.0,12.0,6.0,2.0,12.0,,9.0,4.0,
1131,19664.0,Matt Upson,Matt,Upson,1979-04-18,England,England,4.0,D,Centre Central Defender,8,8.0,1.0,2.0,,,1.0,,5.0,1.0,
1209,4850.0,Raimond van der Gouw,Raimond,van der Gouw,1963-03-24,Netherlands,Netherlands,,G,Goalkeeper,8,14.0,1.0,1.0,,,,,13.0,,
1309,27979.0,Darius Vassell,Darius,Vassell,1980-06-13,England,England,13.0,F,Forward,8,11.0,0.0,3.0,,2.0,3.0,,5.0,1.0,
1274,1498.0,Ramon Vega,Ramon,Vega,1971-06-14,Switzerland,Switzerland,,D,Defender,8,5.0,0.0,,1.0,1.0,3.0,,2.0,,
1303,175942.0,Paolo Vernazza,Paolo,Vernazza,1979-11-01,England,England,,M,Midfielder,8,2.0,0.0,,,,1.0,,1.0,,
1150,1341.0,Gianluca Vialli,Gianluca,Vialli,1964-07-09,Italy,Italy,,F,Forward,8,,,,,,,,,,
1070,2818.0,Steve Vickers,Steve,Vickers,1967-10-13,England,England,,D,Defender,8,32.0,5.0,10.0,,1.0,10.0,,12.0,5.0,
1132,109790.0,Patrick Vieira,Patrick,Vieira,1976-06-23,Senegal,France,24.0,M,Centre Defensive Midfielder,8,30.0,8.0,6.0,2.0,3.0,6.0,1.0,18.0,9.0,
1298,1535.0,Nelson Vivas,Nelson,Vivas,1969-10-18,Argentina,Argentina,,D,Defender,8,5.0,1.0,,,2.0,,,5.0,1.0,
47232,123338.0,Kjetil Waehler,Kjetil,Waehler,1976-03-16,Norway,Norway,24.0,D,Defender,8,,,,,,,,,,
1761,176452.0,Neil Wainwright,Neil,Wainwright,1977-11-04,England,England,,M,Midfielder,8,,,,,,,,,,
997,177669.0,Richard Walker,Richard,Walker,1977-11-08,England,England,,F,Forward,8,5.0,0.0,,2.0,,,,,,
922,3075.0,Ronnie Wallwork,Ronnie,Wallwork,1977-09-10,England,England,24.0,D,Defender,8,5.0,0.0,,,,,,5.0,,
309,4042.0,Gary Walsh,Gary,Walsh,1968-03-21,England,England,,G,Goalkeeper,8,11.0,2.0,2.0,,,6.0,,3.0,,
1179,127475.0,Paulo Wanchope,Paulo,Wanchope,1976-07-31,Costa Rica,Costa Rica,11.0,F,Forward,8,35.0,7.0,9.0,12.0,5.0,13.0,,13.0,7.0,
482,1658.0,Mitch Ward,Mitch,Ward,1971-06-19,England,England,,M,Midfielder,8,10.0,1.0,4.0,,,2.0,,4.0,1.0,
1457,1740.0,Phil Warner,Phil,Warner,1979-02-02,England,England,,D,Defender,8,,,,,,,,,,
720,4004.0,Steve Watson,Steve,Watson,1974-04-01,England,England,2.0,D,Defender,8,14.0,5.0,4.0,,1.0,3.0,,7.0,4.0,
1682,2546.0,George Weah,George,Weah,1966-10-01,Liberia,Liberia,,F,Forward,8,11.0,3.0,3.0,3.0,3.0,2.0,,6.0,,
1725,20001.0,Danny Webber,Danny,Webber,1981-12-28,England,England,,F,Forward,8,,,,,,,,,,
1558,126098.0,David Weir,David,Weir,1970-05-10,Scotland,Scotland,3.0,D,Centre Central Defender,8,35.0,11.0,13.0,2.0,2.0,11.0,1.0,11.0,3.0,
1709,3860.0,Sander Westerveld,Sander,Westerveld,1974-10-23,,Netherlands,26.0,G,Goalkeeper,8,36.0,14.0,9.0,,,9.0,1.0,18.0,,
1652,13520.0,Rhys Weston,Rhys,Weston,1980-10-27,Wales,Wales,,D,Defender,8,1.0,0.0,,,,1.0,,,,
228,2071.0,David Wetherall,David,Wetherall,1971-03-14,England,England,5.0,D,Defender,8,38.0,7.0,9.0,2.0,2.0,20.0,,9.0,7.0,
1668,2076.0,Gareth Whalley,Gareth,Whalley,1973-12-19,England,Ireland,,M,Midfielder,8,16.0,2.0,4.0,1.0,1.0,8.0,,4.0,,
245,95531.0,Noel Whelan,Noel,Whelan,1974-12-30,England,England,,F,Forward,8,26.0,5.0,4.0,1.0,2.0,14.0,,8.0,3.0,
80,2129.0,Jason Wilcox,Jason,Wilcox,1971-07-15,England,England,,M,Midfielder,8,20.0,4.0,4.0,3.0,2.0,8.0,,8.0,1.0,
1585,55232.0,Luke Wilkshire,Luke,Wilkshire,1981-10-02,Australia,Australia,26.0,D,Full Back,8,,,,,,,,,,
1030,2745.0,Paul Williams,Paul,Williams,1971-03-26,England,England,,D,Defender,8,28.0,6.0,8.0,1.0,,12.0,,8.0,4.0,
796,1663.0,Danny Williamson,Danny,Williamson,1973-12-05,England,England,,M,Midfielder,8,,,,,,,,,,
1827,2290.0,Chris Willmott,Chris,Willmott,1977-09-30,England,England,,D,Defender,8,7.0,1.0,1.0,,,4.0,,2.0,,
1200,1407.0,Stuart Wilson,Stuart,Wilson,1977-09-16,Scotland,Scotland,,M,Midfielder,8,,,,,,,,,,
1672,4987.0,Dean Windass,Dean,Windass,1969-04-01,England,England,9.0,F,Forward,8,38.0,4.0,9.0,10.0,2.0,20.0,,9.0,6.0,1.0
11,2514.0,Nigel Winterburn,Nigel,Winterburn,1963-12-11,England,England,,D,Defender,8,28.0,4.0,6.0,,,6.0,,16.0,3.0,
107,2711.0,Dennis Wise,Dennis,Wise,1966-12-16,England,England,,M,Midfielder,8,30.0,13.0,9.0,4.0,5.0,6.0,1.0,15.0,7.0,
1534,27424.0,Robert Wolleaston,Robert,Wolleaston,1979-12-21,England,England,,M,Midfielder,8,1.0,0.0,,,,1.0,,,,
1726,2159.0,Neil Wood,Neil,Wood,1983-04-01,England,England,,F,Forward,8,,,,,,,,,,
1565,58296.0,Jonathan Woodgate,Jonathan,Woodgate,1980-01-22,England,England,39.0,D,Centre Central Defender,8,34.0,11.0,5.0,1.0,,11.0,,18.0,,
1783,279037.0,Nordin Wooter,Nordin,Wooter,1976-08-24,Netherlands,Netherlands,14.0,F,Forward,8,20.0,1.0,5.0,1.0,1.0,13.0,,2.0,,
1305,1542.0,Christopher Wreh,Christopher,Wreh,1975-05-14,Liberia,Liberia,,F,Forward,8,,,,,,,,,,
72,27467.0,Alan Wright,Alan,Wright,1971-09-28,England,England,3.0,D,Defender,8,32.0,12.0,10.0,1.0,5.0,8.0,,14.0,5.0,
1166,2231.0,Dean Yates,Dean,Yates,1967-10-26,England,England,,D,Defender,8,,,,,,,,,,
59,4762.0,Dwight Yorke,Dwight,Yorke,1971-11-03,Trinidad & Tobago,Trinidad & Tobago,19.0,M,Midfielder,8,32.0,6.0,6.0,20.0,3.0,2.0,,24.0,1.0,
1464,177421.0,Luke Young,Luke,Young,1979-07-19,England,England,21.0,D,Left/Right Full Back,8,20.0,2.0,7.0,,,5.0,,8.0,2.0,
1417,278163.0,Theo Zagorakis,Theo,Zagorakis,1971-10-27,Greece,Greece,6.0,M,Midfielder,8,17.0,0.0,5.0,1.0,1.0,6.0,,6.0,2.0,
1727,2766.0,Christian Ziege,Christian,Ziege,1972-02-01,Germany,Germany,,D,Defender,8,29.0,6.0,8.0,6.0,6.0,9.0,1.0,12.0,9.0,
1151,1342.0,Gianfranco Zola,Gianfranco,Zola,1966-07-05,Italy,Italy,,F,Forward,8,33.0,8.0,11.0,4.0,7.0,8.0,,14.0,,
1690,2104.0,Herlyn Zuniga,Herlyn,Zuniga,1976-08-27,Peru,Peru,,F,Forward,8,7.0,0.0,,2.0,,4.0,,3.0,,
1813,2271.0,Cadete,Jorge Paulo,Cadete Santos Reis,1968-08-27,Mozambique,Portugal,,F,Forward,8,7.0,0.0,2.0,,,5.0,,,,
775,1814.0,Colin Calderwood,Colin,Calderwood,1965-01-20,Scotland,Scotland,,D,Defender,8,18.0,5.0,4.0,,,8.0,,6.0,1.0,
1732,5510.0,Gary Caldwell,Gary,Caldwell,1982-04-12,Scotland,Scotland,5.0,D,Centre Central Defender,8,,,,,,,,,,
1713,2521.0,Titi Camara,Titi,Camara,1972-11-17,Guinea,Guinea,,F,Forward,8,33.0,1.0,8.0,9.0,1.0,8.0,,17.0,7.0,
25,3744.0,Kevin Campbell,Kevin,Campbell,1970-02-04,England,England,,F,Forward,8,26.0,8.0,9.0,12.0,6.0,7.0,,10.0,2.0,
1301,1538.0,Lee Canoville,Lee,Canoville,1981-03-14,England,England,,M,Midfielder,8,,,,,,,,,,
1546,1886.0,Horacio Carbonari,Horacio,Carbonari,1973-05-02,Argentina,Argentina,,D,Defender,8,29.0,9.0,10.0,2.0,,12.0,,7.0,10.0,1.0
1240,2738.0,Benito Carbone,Benito,Carbone,1971-08-14,Italy,Italy,,F,Forward,8,31.0,5.0,11.0,5.0,5.0,11.0,,9.0,1.0,
776,5253.0,Stephen Carr,Stephen,Carr,1976-08-29,Ireland,Ireland,2.0,D,Right Full Back,8,34.0,6.0,7.0,3.0,3.0,13.0,,14.0,5.0,1.0
915,143184.0,Jamie Carragher,Jamie,Carragher,1978-01-28,England,England,23.0,D,Defender,8,36.0,13.0,10.0,,,8.0,,18.0,4.0,2.0
1634,4242.0,Michael Carrick,Michael,Carrick,1981-07-28,England,England,16.0,M,Centre Central Midfielder,8,8.0,1.0,1.0,1.0,2.0,2.0,,5.0,,
1537,1872.0,Pierluigi Casiraghi,Pierluigi,Casiraghi,1969-03-04,Italy,Italy,,F,Forward,8,,,,,,,,,,
1723,14391.0,Luke Chadwick,Luke,Chadwick,1980-11-18,England,England,22.0,M,Left/Centre/Right Attacking Midfielder,8,,,,,,,,,,
616,2226.0,Alec Chamberlain,Alec,Chamberlain,1964-06-20,England,England,,G,Goalkeeper,8,27.0,3.0,4.0,,,20.0,,3.0,,
396,2256.0,Gary Charles,Gary,Charles,1970-04-13,England,England,,D,Defender,8,4.0,0.0,,,,1.0,,3.0,1.0,1.0
1351,2438.0,Laurent Charvet,Laurent,Charvet,1973-05-08,France,France,,D,Defender,8,2.0,0.0,,,,1.0,,1.0,,
1687,2101.0,Youssef Chippo,Youssef,Chippo,1973-05-10,Morocco,Morocco,,M,Midfielder,8,33.0,4.0,7.0,2.0,3.0,16.0,1.0,10.0,9.0,
1553,2996.0,Malcolm Christie,Malcolm,Christie,1979-04-11,England,England,11.0,F,Forward,8,21.0,2.0,7.0,5.0,2.0,11.0,,3.0,2.0,
1500,1810.0,Eric Chukwunyelu,Eric,Chukwunyelu,1981-06-10,Nigeria,Nigeria,,F,Forward,8,,,,,,,,,,
1236,177219.0,Matt Clarke,Matt,Clarke,1973-11-03,England,England,,G,Goalkeeper,8,21.0,5.0,5.0,,,11.0,,5.0,,
1067,1218.0,Michael Clegg,Michael,Clegg,1977-07-03,England,England,,D,Defender,8,2.0,0.0,,,,,,2.0,,
1557,1899.0,Alex Cleland,Alex,Cleland,1970-10-12,Scotland,Scotland,,D,Defender,8,9.0,0.0,3.0,,,3.0,,3.0,1.0,
961,98165.0,Stephen Clemence,Stephen,Clemence,1978-03-31,England,England,14.0,M,Midfielder,8,20.0,4.0,4.0,1.0,1.0,10.0,,6.0,5.0,
1146,3071.0,Neil Clement,Neil,Clement,1978-10-03,England,England,6.0,D,Left/Centre Central Defender,8,,,,,,,,,,
1494,152954.0,Ashley Cole,Ashley,Cole,1980-12-20,England,England,26.0,D,Left Full Back,8,1.0,0.0,,,,1.0,,,,
1619,1987.0,Patrick Colleter,Patrick,Colleter,1965-11-06,France,France,,D,Defender,8,8.0,2.0,1.0,,,4.0,1.0,3.0,2.0,
1559,2677.0,John Collins,John,Collins,1968-01-31,Scotland,Scotland,,M,Midfielder,8,35.0,7.0,13.0,2.0,1.0,12.0,1.0,10.0,4.0,
627,2531.0,Stan Collymore,Stan,Collymore,1971-01-22,England,England,,F,Forward,8,6.0,0.0,1.0,4.0,1.0,3.0,,2.0,1.0,
1764,95527.0,Mark Convery,Mark,Convery,1981-05-29,England,England,,M,Midfielder,8,,,,,,,,,,
1800,19192.0,Lee Cook,Lee,Cook,1982-08-03,England,England,17.0,M,Midfielder,8,,,,,,,,,,
937,1933.0,Colin Cooper,Colin,Cooper,1967-02-28,England,England,,D,Defender,8,26.0,8.0,9.0,,1.0,8.0,,9.0,5.0,
1442,10797.0,James Coppinger,James,Coppinger,1981-01-18,England,England,26.0,M,Left/Centre/Right Attacking Midfielder,8,,,,,,,,,,
1284,95073.0,Carl Cort,Carl,Cort,1977-11-01,Guyana,Guyana,9.0,F,Forward,8,34.0,3.0,11.0,9.0,6.0,16.0,,7.0,2.0,
193,1687.0,Tony Cottee,Tony,Cottee,1965-07-11,England,England,,F,Forward,8,33.0,4.0,6.0,13.0,1.0,13.0,,14.0,1.0,
40,2233.0,Neil Cox,Neil,Cox,1971-10-08,England,England,5.0,D,Defender,8,21.0,2.0,5.0,,1.0,13.0,1.0,3.0,1.0,
1110,1282.0,Chris Coyne,Chris,Coyne,1978-12-20,Australia,Australia,,D,Defender,8,,,,,,,,,,
1754,3389.0,Jody Craddock,Jody,Craddock,1975-07-25,England,England,6.0,D,Centre Central Defender,8,19.0,2.0,5.0,,,7.0,,7.0,1.0,
75294,182876.0,Tony Crane,Tony,Crane,1982-09-08,England,England,36.0,M,Midfielder,8,,,,,,,,,,
1449,13658.0,Richard Cresswell,Richard,Cresswell,1977-09-20,England,England,17.0,F,Forward,8,20.0,0.0,2.0,1.0,,15.0,,3.0,3.0,
1354,1605.0,Nick Crittenden,Nick,Crittenden,1978-11-11,England,England,,M,Midfielder,8,,,,,,,,,,
1629,154344.0,Peter Crouch,Peter,Crouch,1981-01-30,England,England,15.0,F,Centre Striker,8,,,,,,,,,,
1216,127414.0,Jordi Cruyff,Jordi,Cruyff,1974-02-09,Netherlands,Netherlands,14.0,M,Midfielder,8,8.0,0.0,2.0,3.0,,,,6.0,1.0,
1676,114930.0,Carlo Cudicini,Carlo,Cudicini,1973-09-06,Italy,Italy,1.0,G,Goalkeeper,8,1.0,1.0,,,,,,1.0,,
1065,1216.0,Nick Culkin,Nick,Culkin,1978-07-06,England,England,,G,Goalkeeper,8,1.0,0.0,,,,,,1.0,,
1224,10930.0,Michael Cummins,Michael,Cummins,1978-06-01,Ireland,Ireland,22.0,M,Midfielder,8,1.0,0.0,1.0,,,,,,,
972,2828.0,Kenny Cunningham,Kenny,Cunningham,1971-06-28,Ireland,Ireland,4.0,D,Defender,8,37.0,5.0,12.0,,4.0,18.0,,7.0,1.0,
1427,96604.0,John Curtis,John,Curtis,1978-09-03,England,England,19.0,D,Defender,8,1.0,0.0,,,,,,1.0,,
75281,182511.0,David Curtolo,David,Curtolo,1980-09-30,Sweden,Sweden,,M,Midfielder,8,,,,,,,,,,
1123,178581.0,Neil Cutler,Neil,Cutler,1976-09-03,England,England,,G,Goalkeeper,8,1.0,0.0,,,,,,1.0,,
1436,3250.0,Nikolaos Dabizas,Nikolaos,Dabizas,1973-08-03,Greece,Greece,44.0,D,Defender,8,29.0,10.0,9.0,3.0,,8.0,1.0,12.0,6.0,
1535,175295.0,Samuele Dalla Bona,Samuele,Dalla Bona,1981-02-06,Italy,Italy,24.0,M,Centre Central Midfielder,8,2.0,0.0,,,,1.0,,1.0,,
1622,1993.0,Dani Rodrigues,Daniel,Ferreira Rodrigues,1980-03-03,Portugal,Portugal,,M,Midfielder,8,2.0,0.0,,,,1.0,,1.0,,
929,4579.0,Danny Mills,Daniel,Mills,1977-05-18,England,England,27.0,D,Defender,8,17.0,8.0,5.0,1.0,1.0,2.0,,10.0,5.0,
1778,20464.0,Darren Ward,Darren,Ward,1978-09-13,England,England,26.0,D,Centre Central Defender,8,9.0,2.0,2.0,1.0,1.0,6.0,,1.0,,
1775,4196.0,Simon Davies,Simon,Davies,1979-10-23,Wales,Wales,29.0,M,Right Winger,8,3.0,0.0,1.0,,,2.0,,,,
1722,2155.0,Jimmy Davis,Jimmy,Davis,1983-02-06,England,England,,M,Midfielder,8,,,,,,,,,,
1009,2064.0,Aidan Davison,Aidan,Davison,1968-05-11,Northern Ireland,Northern Ireland,,G,Goalkeeper,8,6.0,0.0,2.0,,,2.0,,2.0,1.0,
1777,12241.0,Chris Day,Chris,Day,1975-07-28,England,England,16.0,G,Goalkeeper,8,11.0,3.0,2.0,,,6.0,,3.0,,
1744,25956.0,Gilles De Bilde,Gilles,De Bilde,1971-06-09,Belgium,Belgium,,,,8,38.0,4.0,7.0,10.0,3.0,23.0,,8.0,3.0,
1350,1601.0,Ed de Goey,Ed,de Goey,1966-12-20,Netherlands,Netherlands,,G,Goalkeeper,8,37.0,16.0,11.0,,,9.0,,17.0,1.0,
488,2713.0,Brian Deane,Brian,Deane,1968-02-07,England,England,,F,Forward,8,29.0,6.0,6.0,9.0,4.0,10.0,,13.0,6.0,
1526,303240.0,Jermain Defoe,Jermain,Defoe,1982-10-07,England,England,10.0,F,Centre Striker,8,,,,,,,,,,
1561,1904.0,Peter Degn,Peter,Degn,1977-04-06,Denmark,Denmark,,M,Midfielder,8,,,,,,,,,,
1504,1815.0,Mark Delaney,Mark,Delaney,1976-05-13,Wales,Wales,2.0,D,Defender,8,28.0,10.0,9.0,1.0,2.0,9.0,,10.0,6.0,
1391,12887.0,Rory Delap,Rory,Delap,1976-07-06,Ireland,Ireland,4.0,M,Midfielder,8,34.0,10.0,9.0,8.0,4.0,16.0,1.0,9.0,6.0,
73690,175163.0,Laurent Delorge,Laurent,Delorge,1979-07-21,Belgium,Belgium,27.0,M,Midfielder,8,,,,,,,,,,
1533,1868.0,Marcel Desailly,Marcel,Desailly,1968-09-07,Ghana,France,,D,Defender,8,23.0,10.0,6.0,1.0,,7.0,1.0,10.0,2.0,
1679,2090.0,Didier Deschamps,Didier,Deschamps,1968-10-15,France,France,,M,Midfielder,8,27.0,8.0,8.0,,1.0,8.0,,11.0,5.0,
1451,3190.0,Paolo Di Canio,Paolo,Di Canio,1968-07-09,Italy,Italy,,F,Forward,8,30.0,6.0,8.0,16.0,13.0,8.0,,14.0,6.0,
1149,1340.0,Roberto Di Matteo,Roberto,Di Matteo,1970-05-29,Switzerland,Italy,,M,Midfielder,8,18.0,5.0,6.0,2.0,2.0,3.0,,9.0,3.0,
742,3093.0,Danny Dichio,Danny,Dichio,1974-10-19,England,England,,F,Forward,8,12.0,0.0,1.0,,1.0,2.0,,9.0,,
1262,1483.0,Jonjo Dickman,Jonjo,Dickman,1981-09-22,England,England,,M,Midfielder,8,,,,,,,,,,
13,13.0,Lee Dixon,Lee,Dixon,1964-03-17,England,England,,D,Defender,8,28.0,6.0,5.0,3.0,1.0,6.0,,17.0,3.0,
1581,178163.0,Bojan Djordjic,Bojan,Djordjic,1982-02-06,Sweden,Sweden,32.0,M,Midfielder,8,,,,,,,,,,
528,508.0,Jason Dodd,Jason,Dodd,1970-11-02,England,England,2.0,D,Defender,8,31.0,9.0,8.0,,2.0,14.0,,9.0,5.0,
1770,12616.0,Gary Doherty,Gary,Doherty,1980-01-31,Ireland,Ireland,5.0,D,Centre Central Defender,8,2.0,0.0,,,,1.0,,1.0,,
1590,174352.0,Didier Domi,Didier,Domi,1978-05-02,France,France,3.0,D,Left Full Back,8,27.0,2.0,6.0,3.0,3.0,12.0,,9.0,2.0,
1742,2178.0,Simon Donnelly,Simon,Donnelly,1974-12-01,Scotland,Scotland,18.0,M,Midfielder,8,12.0,0.0,2.0,1.0,1.0,7.0,,3.0,2.0,
229,1884.0,Tony Dorigo,Tony,Dorigo,1965-12-31,Australia,England,,D,Defender,8,23.0,3.0,6.0,,,12.0,,5.0,4.0,
903,2493.0,Mark Draper,Mark,Draper,1970-11-11,England,England,,M,Midfielder,8,1.0,0.0,,,,1.0,,,,
1666,2068.0,John Dreyer,John,Dreyer,1963-06-11,England,England,,D,Defender,8,14.0,4.0,3.0,1.0,1.0,6.0,,5.0,4.0,1.0
1245,1457.0,Richard Dryden,Richard,Dryden,1969-06-14,England,England,,D,Defender,8,1.0,0.0,,,,1.0,,,,1.0
669,177233.0,Michael Duberry,Michael,Duberry,1975-10-14,England,England,5.0,D,Defender,8,13.0,3.0,2.0,1.0,,4.0,1.0,7.0,4.0,
338,1823.0,Dion Dublin,Dion,Dublin,1969-04-22,England,England,,F,Forward,8,26.0,7.0,7.0,12.0,4.0,9.0,,10.0,1.0,
1418,1686.0,Lawrie Dudfield,Lawrie,Dudfield,1980-05-07,England,England,,F,Forward,8,2.0,0.0,2.0,,,,,,,
1755,2196.0,David Duke,David,Duke,1978-12-07,Scotland,Scotland,,D,Defender,8,,,,,,,,,,
1820,2280.0,Franck Dumas,Franck,Dumas,1968-01-09,France,France,,D,Defender,8,6.0,2.0,3.0,,,2.0,,1.0,1.0,
1819,10502.0,Ian Dunbavin,Ian,Dunbavin,1980-05-27,England,England,35.0,G,Goalkeeper,8,,,,,,,,,,
1184,59202.0,Richard Dunne,Richard,Dunne,1979-09-21,Ireland,Ireland,22.0,D,Centre Central Defender,8,31.0,8.0,11.0,,,10.0,2.0,10.0,4.0,
1740,6097.0,Kieron Dyer,Kieron,Dyer,1978-12-29,England,England,18.0,M,Centre/Right Attacking Midfielder,8,30.0,4.0,6.0,3.0,6.0,14.0,,10.0,1.0,
384,2135.0,Darren Eadie,Darren,Eadie,1975-06-10,England,England,,M,Midfielder,8,16.0,1.0,3.0,,,7.0,,6.0,,
598,576.0,Robbie Earle,Robbie,Earle,1965-01-27,Jamaica,Jamaica,,M,Midfielder,8,25.0,4.0,8.0,3.0,,11.0,,6.0,2.0,
1824,27358.0,Clint Easton,Clint,Easton,1977-10-01,England,England,,D,Defender,8,17.0,2.0,3.0,,,11.0,,3.0,2.0,
551,531.0,Justin Edinburgh,Justin,Edinburgh,1969-12-18,England,England,,D,Defender,8,8.0,1.0,1.0,,,5.0,,2.0,3.0,
1370,95198.0,Marc Edworthy,Marc,Edworthy,1972-12-24,England,England,,D,Defender,8,10.0,2.0,2.0,,1.0,5.0,,3.0,3.0,
35,2472.0,Ugo Ehiogu,Ugo,Ehiogu,1972-11-03,England,England,,D,Defender,8,31.0,14.0,11.0,1.0,,5.0,,15.0,5.0,2.0
1747,3118.0,Tahar El-Khalej,Tahar,El-Khalej,1968-06-16,Morocco,Morocco,,D,Defender,8,11.0,4.0,2.0,1.0,,5.0,,4.0,3.0,
1389,10480.0,Steve Elliott,Steve,Elliott,1978-10-29,England,England,6.0,D,Central Defender,8,20.0,3.0,5.0,,,10.0,,5.0,1.0,
1445,4053.0,Emerson Thome,Emerson Augusto,Thome,1972-03-30,Brazil,Brazil,5.0,D,Defender,8,37.0,7.0,10.0,,1.0,16.0,,11.0,4.0,
1503,95259.0,Peter Enckelman,Peter,Enckelman,1977-03-10,Finland,Finland,20.0,G,Goalkeeper,8,10.0,4.0,4.0,,,4.0,,2.0,,
75295,182951.0,Ian Hillier,Ian,Hillier,1979-12-26,Wales,Wales,,D,Defender,8,,,,,,,,,,
179,1726.0,Andy Hinchcliffe,Andy,Hinchcliffe,1969-02-05,England,England,,D,Defender,8,29.0,6.0,7.0,1.0,2.0,15.0,,7.0,,
1080,2008.0,Shaka Hislop,Shaka,Hislop,1969-02-22,England,Trinidad & Tobago,,G,Goalkeeper,8,22.0,5.0,7.0,,,6.0,1.0,9.0,,
92,88.0,Kevin Hitchcock,Kevin,Hitchcock,1962-10-05,England,England,,G,Goalkeeper,8,,,,,,,,,,
75290,182713.0,John Hodges,John,Hodges,1980-01-22,England,England,32.0,G,Centre Goalkeeper,8,,,,,,,,,,
1678,2089.0,Jes Hogh,Jes,Hogh,1966-05-07,Denmark,Denmark,,D,Defender,8,9.0,2.0,3.0,,1.0,4.0,,2.0,,
1638,2021.0,Gavin Holligan,Gavin,Holligan,1980-06-13,England,England,,F,Forward,8,,,,,,,,,,
1255,1471.0,Darren Holloway,Darren,Holloway,1977-10-03,England,England,,D,Defender,8,15.0,0.0,3.0,,1.0,6.0,,6.0,1.0,
1617,27692.0,Peter Holmes,Peter,Holmes,1980-11-18,England,England,,M,Midfielder,8,,,,,,,,,,
108,2530.0,David Hopkin,David,Hopkin,1970-08-21,Scotland,Scotland,,M,Midfielder,8,14.0,2.0,2.0,1.0,1.0,3.0,,9.0,1.0,
186,2177.0,Barry Horne,Barry,Horne,1962-05-18,Wales,Wales,,M,Midfielder,8,7.0,1.0,1.0,,,3.0,,3.0,,
890,27734.0,Russell Hoult,Russell,Hoult,1972-11-22,England,England,38.0,G,Goalkeeper,8,10.0,2.0,2.0,,,5.0,,3.0,1.0,
560,1992.0,David Howells,David,Howells,1967-12-15,England,England,,M,Midfielder,8,,,,,,,,,,
714,3174.0,Steve Howey,Steve,Howey,1971-10-26,England,England,,D,Defender,8,9.0,2.0,1.0,,,4.0,,4.0,1.0,
1371,176377.0,Hermann Hreidarsson,Hermann,Hreidarsson,1974-07-11,Iceland,Iceland,5.0,D,Defender,8,24.0,5.0,7.0,1.0,,12.0,,5.0,3.0,
1082,3684.0,Darren Huckerby,Darren,Huckerby,1976-04-23,England,England,6.0,F,Forward,8,34.0,1.0,5.0,2.0,3.0,9.0,,20.0,,
1729,29783.0,Mark Hudson,Mark,Hudson,1980-10-24,England,England,4.0,M,Midfielder,8,,,,,,,,,,
842,3186.0,Stephen Hughes,Stephen,Hughes,1976-09-18,England,England,,M,Midfielder,8,13.0,2.0,5.0,1.0,3.0,5.0,,3.0,1.0,
1097,10516.0,Ritchie Humphreys,Ritchie,Humphreys,1977-11-30,England,England,25.0,M,Left Winger,8,,,,,,,,,,
272,1067.0,Don Hutchison,Don,Hutchison,1971-05-09,Scotland,Scotland,,M,Midfielder,8,31.0,7.0,12.0,6.0,4.0,9.0,1.0,10.0,7.0,
1790,94826.0,Micah Hyde,Micah,Hyde,1974-11-10,Jamaica,Jamaica,10.0,M,Midfielder,8,34.0,5.0,6.0,3.0,4.0,23.0,1.0,5.0,7.0,
75285,182591.0,Morten Hyldgaard,Morten,Hyldgaard,1978-01-26,Denmark,Denmark,23.0,G,Goalkeeper,8,,,,,,,,,,
1710,2140.0,Sami Hyypiä,Sami,Hyypiä,1973-10-07,Finland,Finland,4.0,D,Defender,8,38.0,15.0,10.0,2.0,2.0,9.0,,19.0,2.0,
1514,25922.0,Sasa Ilic,Sasa,Ilic,1972-07-18,Serbia,Serbia,,,,8,1.0,0.0,,,,1.0,,,,
453,1915.0,Andy Impey,Andy,Impey,1971-09-30,England,England,2.0,M,Midfielder,8,29.0,6.0,5.0,1.0,2.0,11.0,,13.0,,
326,3400.0,Paul Ince,Paul,Ince,1967-10-21,England,England,8.0,M,Midfielder,8,32.0,8.0,7.0,3.0,1.0,12.0,,13.0,8.0,1.0
1750,12660.0,Michael Ingham,Michael,Ingham,1980-07-09,Northern Ireland,Northern Ireland,24.0,G,Goalkeeper,8,,,,,,,,,,
75297,183025.0,Izzy Iriekpen,Izzy,Iriekpen,1982-05-14,England,England,39.0,D,Defender,8,,,,,,,,,,
315,3386.0,Denis Irwin,Denis,Irwin,1965-10-31,Ireland,Ireland,,D,Defender,8,25.0,7.0,6.0,3.0,1.0,3.0,,16.0,1.0,
1277,27112.0,Steffen Iversen,Steffen,Iversen,1976-11-10,Norway,Norway,9.0,F,Forward,8,36.0,6.0,8.0,14.0,8.0,14.0,,14.0,5.0,
670,3475.0,Muzzy Izzet,Muzzy,Izzet,1974-10-31,England,Turkey,6.0,M,Midfielder,8,32.0,7.0,4.0,8.0,3.0,14.0,,14.0,3.0,
1548,95203.0,Richard Jackson,Richard,Jackson,1980-04-18,England,England,27.0,D,Defender,8,2.0,0.0,1.0,,,1.0,,,,
1667,2072.0,Wayne Jacobs,Wayne,Jacobs,1969-02-03,England,England,22.0,D,Defender,8,24.0,3.0,5.0,,,12.0,,7.0,3.0,
252,55236.0,David James,David,James,1970-08-01,England,England,1.0,G,Goalkeeper,8,29.0,11.0,9.0,,,7.0,,13.0,,
994,29875.0,Tommy Jaszczun,Tommy,Jaszczun,1977-09-16,England,England,15.0,M,Midfielder,8,,,,,,,,,,
1402,97081.0,Francis Jeffers,Francis,Jeffers,1981-01-25,England,England,9.0,F,Forward,8,21.0,2.0,7.0,6.0,6.0,7.0,1.0,7.0,,
909,96052.0,Julian Joachim,Julian,Joachim,1974-09-20,England,England,,F,Forward,8,33.0,7.0,12.0,6.0,5.0,7.0,,14.0,,
1785,2238.0,Jóhann Gudmundsson,Jóhann,Gudmundsson,1977-12-05,Iceland,Iceland,,M,Midfielder,8,9.0,0.0,,,,8.0,,1.0,1.0,
1210,3642.0,Ronny Johnsen,Ronny,Johnsen,1969-06-10,Norway,Norway,25.0,D,Defender,8,3.0,0.0,,,,,,3.0,,
1698,2701.0,Seth Johnson,Seth,Johnson,1979-03-12,England,England,20.0,M,Midfielder,8,36.0,8.0,10.0,1.0,4.0,18.0,,8.0,13.0,
1822,2282.0,Ray Johnston,Ray,Johnston,1981-05-05,England,England,,G,Goalkeeper,8,,,,,,,,,,
1455,25948.0,Paul Jones,Paul,Jones,1967-04-18,Wales,Wales,,,,8,31.0,8.0,7.0,,,15.0,,9.0,,
1615,1983.0,Wim Jonk,Wim,Jonk,1966-10-12,Netherlands,Netherlands,,M,Midfielder,8,30.0,6.0,6.0,3.0,8.0,16.0,,8.0,4.0,
1468,1756.0,José Dominguez,José Manuel,Martins Dominguez,1974-02-16,Portugal,Portugal,,F,Forward,8,12.0,0.0,2.0,,,5.0,,5.0,,
1072,1228.0,Juninho Paulista,Osvaldo,Giroldo Júnior,1973-02-22,Brazil,Brazil,,M,Midfielder,8,28.0,4.0,9.0,4.0,2.0,10.0,,9.0,1.0,
1453,1736.0,Junior Agogo,Manuel Junior,Agogo,1979-08-01,Ghana,Ghana,,F,Forward,8,,,,,,,,,,
1283,1512.0,Duncan Jupp,Duncan,Jupp,1975-01-25,Scotland,Scotland,,D,Defender,8,9.0,0.0,2.0,,,6.0,,1.0,1.0,
1621,25955.0,Hassan Kachloul,Hassan,Kachloul,1973-02-19,Morocco,Morocco,,,,8,32.0,5.0,8.0,5.0,1.0,17.0,,7.0,9.0,
1805,101300.0,Frederic Kanoute,Frederic,Kanoute,1977-09-02,France,Mali,12.0,F,Centre Striker,8,8.0,2.0,1.0,2.0,1.0,4.0,,3.0,1.0,
1502,4272.0,Kanu,Nwankwo,Kanu,1976-08-01,Nigeria,Nigeria,27.0,F,Centre Second Striker,8,31.0,4.0,5.0,12.0,4.0,6.0,,20.0,2.0,
1731,2165.0,John Karelse,John,Karelse,1970-05-17,Netherlands,Netherlands,,G,Goalkeeper,8,3.0,1.0,2.0,,,1.0,,,,
1692,25943.0,Robbie Keane,Robbie,Keane,1980-07-08,Ireland,Ireland,,,,8,31.0,6.0,7.0,12.0,4.0,14.0,,10.0,3.0,
1681,2092.0,Joe Keenan,Joe,Keenan,1982-10-14,England,England,36.0,M,Midfielder,8,,,,,,,,,,
1636,2017.0,Marc Keller,Marc,Keller,1968-01-14,France,France,,M,Midfielder,8,23.0,4.0,6.0,,1.0,9.0,,8.0,4.0,
694,704.0,Gary Kelly,Gary,Kelly,1974-07-09,Ireland,Ireland,2.0,D,Defender,8,31.0,9.0,3.0,,,9.0,,19.0,6.0,
1789,2242.0,Peter Kennedy,Peter,Kennedy,1973-09-10,Northern Ireland,Northern Ireland,,M,Midfielder,8,18.0,4.0,2.0,1.0,2.0,12.0,,4.0,4.0,
14,110016.0,Martin Keown,Martin,Keown,1966-07-24,England,England,,D,Centre Central Defender,8,27.0,6.0,5.0,1.0,,8.0,1.0,14.0,5.0,
1669,11017.0,Scott Kerr,Scott,Kerr,1981-12-11,England,England,4.0,M,Central Midfielder,8,,,,,,,,,,
1439,1715.0,Temuri Ketsbaia,Temuri,Ketsbaia,1968-03-18,Georgia,Georgia,,M,Midfielder,8,21.0,0.0,6.0,,3.0,6.0,,9.0,1.0,
1249,11879.0,Kevin Davies,Kevin,Davies,1977-03-26,England,England,9.0,F,Centre Striker,8,23.0,6.0,4.0,6.0,3.0,11.0,1.0,8.0,7.0,
1049,99163.0,Harry Kewell,Harry,Kewell,1978-09-22,Australia,Australia,99.0,M,Left/Right Winger,8,36.0,11.0,6.0,10.0,4.0,11.0,,19.0,6.0,
1757,178305.0,Kevin Kilbane,Kevin,Kilbane,1977-02-01,Ireland,Ireland,26.0,M,Midfielder,8,20.0,0.0,6.0,1.0,1.0,9.0,,5.0,2.0,
1730,2163.0,Sean Kilgannon,Sean,Kilgannon,1981-03-08,Scotland,Scotland,,M,Midfielder,8,1.0,0.0,1.0,,,,,,,
807,846.0,Alan Kimble,Alan,Kimble,1966-06-08,England,England,,D,Defender,8,28.0,3.0,8.0,,4.0,14.0,,6.0,4.0,
1627,97440.0,Ledley King,Ledley,King,1980-10-12,England,England,26.0,D,Centre Central Defender,8,3.0,1.0,,,,1.0,,2.0,,
1058,2114.0,Georgi Kinkladze,Georgi,Kinkladze,1973-07-06,Georgia,Georgia,18.0,M,Midfielder,8,17.0,0.0,7.0,1.0,6.0,6.0,,4.0,2.0,
1572,122390.0,Frode Kippe,Frode,Kippe,1978-01-17,Norway,Norway,13.0,D,Central Defender,8,,,,,,,,,,
1359,30706.0,Chris Kirkland,Chris,Kirkland,1981-05-02,England,England,0.0,G,Goalkeeper,8,,,,,,,,,,
928,1508.0,Paul Kitson,Paul,Kitson,1971-01-09,England,England,,F,Forward,8,10.0,0.0,4.0,,,3.0,,3.0,,
75289,182703.0,Tommy Knarvik,Tommy,Knarvik,1979-11-01,Norway,Norway,31.0,M,Midfielder,8,,,,,,,,,,
1683,2094.0,Leon Knight,Leon,Knight,1982-09-16,England,England,,F,Forward,8,,,,,,,,,,
1539,1876.0,Mohammed Konjic,Mohammed,Konjic,1970-05-14,Bosnia & Herzegovina,Bosnia & Herzegovina,,D,Defender,8,4.0,1.0,1.0,,,2.0,,1.0,1.0,
1645,2221.0,Willem Korsten,Willem,Korsten,1975-01-21,Netherlands,Netherlands,,M,Midfielder,8,9.0,1.0,1.0,,,6.0,,2.0,1.0,
1204,175314.0,Bjorn Tore Kvarme,Bjorn Tore,Kvarme,1972-06-17,Norway,Norway,26.0,D,Defender,8,,,,,,,,,,
1352,1603.0,Bernard Lambourde,Bernard,Lambourde,1971-05-11,Guadeloupe,France,,D,Defender,8,15.0,5.0,2.0,2.0,,6.0,,7.0,3.0,
800,143319.0,Frank Lampard,Frank,Lampard,1978-06-20,England,England,8.0,M,Attacking Midfielder,8,34.0,9.0,9.0,7.0,3.0,10.0,,15.0,4.0,
1169,2706.0,Jacob Laursen,Jacob,Laursen,1971-10-06,Denmark,Denmark,,D,Defender,8,36.0,10.0,11.0,1.0,,17.0,,8.0,5.0,
905,2079.0,Jamie Lawrence,Jamie,Lawrence,1970-03-08,Jamaica,Jamaica,,M,Midfielder,8,23.0,2.0,5.0,3.0,,13.0,,5.0,3.0,
70,110013.0,Graeme Le Saux,Graeme,Le Saux,1968-10-17,England,England,,D,Defender,8,8.0,2.0,1.0,,2.0,3.0,,4.0,3.0,
533,513.0,Matthew Le Tissier,Matthew,Le Tissier,1968-10-14,England,England,,M,Midfielder,8,18.0,1.0,3.0,3.0,5.0,11.0,,4.0,3.0,
1477,1772.0,Carl Leaburn,Carl,Leaburn,1969-03-30,England,England,,M,Midfielder,8,18.0,0.0,5.0,,,10.0,,3.0,,
1148,1339.0,Frank Leboeuf,Frank,Leboeuf,1968-01-22,France,France,,D,Defender,8,28.0,14.0,7.0,2.0,,6.0,2.0,15.0,7.0,
721,2646.0,Robert Lee,Robert,Lee,1966-02-01,England,England,,M,Midfielder,8,30.0,10.0,9.0,,1.0,8.0,,13.0,5.0,
1199,278339.0,Neil Lennon,Neil,Lennon,1971-06-25,Northern Ireland,Northern Ireland,18.0,M,Midfielder,8,31.0,8.0,5.0,1.0,6.0,10.0,1.0,16.0,7.0,
973,2810.0,Oyvind Leonhardsen,Oyvind,Leonhardsen,1970-08-17,Norway,Norway,,M,Midfielder,8,22.0,4.0,5.0,4.0,1.0,6.0,,11.0,3.0,
1497,119238.0,Freddie Ljungberg,Freddie,Ljungberg,1977-04-16,Sweden,Sweden,8.0,M,Midfielder,8,26.0,4.0,5.0,6.0,2.0,8.0,1.0,13.0,2.0,
293,1505.0,Steve Lomas,Steve,Lomas,1974-01-18,Germany,Northern Ireland,,M,Midfielder,8,25.0,6.0,5.0,1.0,4.0,10.0,1.0,10.0,5.0,
1306,111470.0,Luís Boa Morte,Luís,Boa Morte Pereira,1977-08-04,Portugal,Portugal,,M,Midfielder,8,16.0,1.0,3.0,1.0,1.0,7.0,1.0,6.0,1.0,
225,1320.0,John Lukic,John,Lukic,1960-12-11,England,England,,G,Goalkeeper,8,,,,,,,,,,
1763,95522.0,Chris Lumsdon,Chris,Lumsdon,1979-12-15,England,England,,M,Midfielder,8,1.0,0.0,,,,1.0,,,,
1810,2269.0,Andreas Lund,Andreas,Lund,1975-05-07,Norway,Norway,,F,Forward,8,12.0,0.0,1.0,2.0,1.0,10.0,,1.0,1.0,
1246,1458.0,Claus Lundekvam,Claus,Lundekvam,1973-02-22,Norway,Norway,5.0,D,Defender,8,27.0,7.0,4.0,,2.0,14.0,1.0,9.0,3.0,1.0
1650,3384.0,Oleg Luzhny,Oleg,Luzhny,1968-08-05,Ukraine,Ukraine,,D,Defender,8,21.0,4.0,5.0,,1.0,4.0,1.0,12.0,2.0,
936,29098.0,Des Lyttle,Des,Lyttle,1971-09-24,England,England,15.0,D,Defender,8,11.0,2.0,,,,9.0,,2.0,1.0,
530,1937.0,Neil Maddison,Neil,Maddison,1969-10-02,England,England,,M,Midfielder,8,13.0,0.0,4.0,,,5.0,,4.0,1.0,
424,2386.0,Chris Makin,Chris,Makin,1973-05-08,England,England,15.0,D,Defender,8,34.0,9.0,9.0,1.0,,10.0,1.0,15.0,11.0,
1655,2049.0,Stefan Malz,Stefan,Malz,1972-06-15,Germany,Germany,,M,Midfielder,8,5.0,0.0,1.0,1.0,1.0,2.0,,2.0,,
1296,31014.0,Alexander Manninger,Alexander,Manninger,1977-06-04,Austria,Austria,13.0,G,Goalkeeper,8,15.0,5.0,2.0,,,4.0,,9.0,,
1735,2170.0,Elena Marcelino,Elena,Marcelino,1971-09-26,Spain,Spain,,D,Defender,8,11.0,3.0,5.0,,,3.0,,3.0,2.0,
1823,25954.0,Marco Almeida,Marco António Bernardo,Paracana Almeida,1977-04-04,Portugal,Portugal,,,,8,1.0,0.0,,,,1.0,,,,
1392,1647.0,Stefano Eranio,Stefano,Eranio,1966-12-29,Italy,Italy,,M,Midfielder,8,19.0,1.0,4.0,,,11.0,,4.0,4.0,1.0
1772,5100.0,Matthew Etherington,Matthew,Etherington,1981-08-14,England,England,26.0,M,Left Winger,8,5.0,0.0,1.0,,1.0,2.0,,2.0,,
1118,178101.0,Jason Euell,Jason,Euell,1977-02-06,England,Jamaica,29.0,F,Forward,8,37.0,5.0,12.0,4.0,5.0,18.0,1.0,7.0,8.0,
1156,10761.0,John Eustace,John,Eustace,1979-11-03,England,England,14.0,M,Centre Central Midfielder,8,16.0,2.0,1.0,1.0,1.0,9.0,,6.0,2.0,
1564,1908.0,Gareth Evans,Gareth,Evans,1981-02-15,England,England,,D,Defender,8,,,,,,,,,,
1694,10508.0,Ian Evatt,Ian,Evatt,1981-11-19,England,England,6.0,D,Centre Central Defender,8,,,,,,,,,,
1397,1654.0,Adam Farley,Adam,Farley,1980-01-12,England,England,,D,Defender,8,,,,,,,,,,
45,2617.0,Gareth Farrelly,Gareth,Farrelly,1975-08-28,Ireland,Ireland,,M,Midfielder,8,,,,,,,,,,
1105,1277.0,Neale Fenn,Neale,Fenn,1977-01-18,Ireland,Ireland,,F,Forward,8,,,,,,,,,,
57,1688.0,Graham Fenton,Graham,Fenton,1974-05-22,England,England,,F,Forward,8,2.0,0.0,1.0,,1.0,1.0,,,1.0,
462,3754.0,Les Ferdinand,Les,Ferdinand,1966-12-08,England,England,,F,Forward,8,9.0,0.0,3.0,2.0,,3.0,,3.0,3.0,
877,948.0,Duncan Ferguson,Duncan,Ferguson,1971-12-27,Scotland,Scotland,9.0,F,Forward,8,23.0,4.0,6.0,6.0,1.0,7.0,,10.0,1.0,
1532,1867.0,Albert Ferrer,Albert,Ferrer,1970-06-06,Spain,Spain,,D,Defender,8,25.0,10.0,9.0,,3.0,5.0,,11.0,4.0,
1222,1430.0,Gianluca Festa,Gianluca,Festa,1969-03-15,Italy,Italy,,D,Defender,8,29.0,7.0,8.0,2.0,1.0,13.0,1.0,8.0,6.0,
1086,2278.0,Alan Fettis,Alan,Fettis,1971-02-01,Northern Ireland,Northern Ireland,,G,Goalkeeper,8,,,,,,,,,,
783,25999.0,Ian Feuer,Ian,Feuer,1971-05-20,United States,United States,,,,8,3.0,1.0,,,,1.0,,2.0,1.0,
349,335.0,Curtis Fleming,Curtis,Fleming,1968-10-08,England,Ireland,,D,Defender,8,27.0,7.0,8.0,,1.0,10.0,,9.0,6.0,
519,25995.0,Tim Flowers,Tim,Flowers,1967-02-03,England,England,,,,8,29.0,4.0,5.0,,,11.0,,13.0,1.0,
1635,2968.0,Marc Vivien Foe,Marc Vivien,Foe,1975-05-01,Cameroon,Cameroon,,M,Midfielder,8,25.0,5.0,8.0,1.0,2.0,8.0,2.0,9.0,6.0,
1792,2246.0,Dominic Foley,Dominic,Foley,1976-07-07,Ireland,Ireland,,F,Forward,8,12.0,0.0,1.0,1.0,,8.0,,3.0,,
8615,10807.0,Terrell Forbes,Terrell,Forbes,1981-08-17,England,England,,D,Defender,8,,,,,,,,,,
200,1759.0,Craig Forrest,Craig,Forrest,1967-09-20,Canada,Canada,,G,Goalkeeper,8,11.0,3.0,2.0,,,4.0,,5.0,,
1538,122231.0,Mikael Forssell,Mikael,Forssell,1981-03-15,Germany,Finland,,F,Forward,8,,,,,,,,,,
1718,98006.0,Quinton Fortune,Quinton,Fortune,1977-05-21,South Africa,South Africa,19.0,M,Midfielder,8,6.0,2.0,,2.0,1.0,,,6.0,,
10245,14551.0,Lee Fowler,Lee,Fowler,1983-06-10,Wales,Wales,16.0,M,Midfielder,8,,,,,,,,,,
388,1275.0,Ruel Fox,Ruel,Fox,1968-01-14,England,Montserrat,,F,Forward,8,3.0,0.0,,,,1.0,,2.0,1.0,
1476,4390.0,Damien Francis,Damien,Francis,1979-02-27,Jamaica,Jamaica,7.0,M,Midfielder,8,9.0,0.0,1.0,,,7.0,,1.0,1.0,
1765,2210.0,Carsten Fredgaard,Carsten,Fredgaard,1976-05-20,Denmark,Denmark,,F,Forward,8,1.0,0.0,,,,1.0,,,,
1628,3255.0,Steffen Freund,Steffen,Freund,1970-01-19,Germany,Germany,,M,Midfielder,8,27.0,5.0,5.0,,2.0,11.0,,11.0,9.0,
1420,6178.0,Brad Friedel,Brad,Friedel,1971-05-18,United States,United States,24.0,G,Goalkeeper,8,2.0,1.0,1.0,,,,,1.0,,
46,1878.0,Stephen Froggatt,Stephen,Froggatt,1973-03-09,England,England,,M,Midfielder,8,26.0,5.0,7.0,1.0,2.0,12.0,,7.0,5.0,
1699,2115.0,Esteban Fuertes,Esteban,Fuertes,1972-12-26,Argentina,Argentina,,F,Forward,8,8.0,0.0,2.0,1.0,,3.0,1.0,3.0,2.0,
1737,2172.0,Fumaca,Jose Rodrigues,Alves Antunes,1976-07-15,Brazil,Brazil,,M,Midfielder,8,5.0,0.0,2.0,,,2.0,,1.0,,
87,2176.0,Kevin Gallacher,Kevin,Gallacher,1966-11-23,Scotland,Scotland,,F,Forward,8,20.0,2.0,7.0,2.0,,4.0,,9.0,,
1804,121220.0,Richard Garcia,Richard,Garcia,1981-09-04,Australia,Australia,11.0,F,Forward,8,,,,,,,,,,
321,309.0,Gary Neville,Gary,Neville,1975-02-18,England,England,2.0,D,Right Full Back,8,22.0,6.0,4.0,,3.0,1.0,,17.0,,
1586,2366.0,Paul Gascoigne,Paul,Gascoigne,1967-05-27,England,England,,M,Midfielder,8,8.0,0.0,1.0,1.0,1.0,4.0,1.0,3.0,1.0,
1739,2174.0,Diego Gavilan,Diego,Gavilan,1980-03-01,Paraguay,Paraguay,,M,Midfielder,8,6.0,0.0,3.0,1.0,,1.0,,2.0,,
1220,174821.0,Jason Gavin,Jason,Gavin,1980-03-14,Ireland,Ireland,18.0,D,Defender,8,6.0,0.0,1.0,,,4.0,,1.0,,
809,848.0,Marcus Gayle,Marcus,Gayle,1970-09-27,Jamaica,Jamaica,,F,Forward,8,36.0,4.0,12.0,7.0,4.0,17.0,,7.0,2.0,
401,1901.0,Scot Gemmill,Scot,Gemmill,1971-01-02,Scotland,Scotland,,M,Midfielder,8,14.0,1.0,5.0,1.0,,5.0,,4.0,1.0,
416,177200.0,Paul Gerrard,Paul,Gerrard,1973-01-22,England,England,28.0,G,Goalkeeper,8,34.0,9.0,13.0,,,12.0,,9.0,3.0,
1660,2056.0,Najwan Ghrayib,Najwan,Ghrayib,1974-01-30,Israel,Israel,,D,Defender,8,5.0,0.0,2.0,,,1.0,,2.0,,
1462,1747.0,Kevin Gibbens,Kevin,Gibbens,1979-11-04,England,England,,M,Midfielder,8,,,,,,,,,,
1781,2234.0,Nigel Gibbs,Nigel,Gibbs,1965-11-20,England,England,16.0,D,Defender,8,17.0,1.0,2.0,,1.0,12.0,,3.0,,
335,323.0,Ryan Giggs,Ryan,Giggs,1973-11-29,Wales,Wales,11.0,M,Left/Centre Central Midfielder,8,30.0,6.0,5.0,6.0,12.0,2.0,,23.0,2.0,
639,98430.0,Phil Gilchrist,Phil,Gilchrist,1973-08-25,England,England,22.0,D,Defender,8,27.0,2.0,6.0,1.0,,10.0,,11.0,,
1083,2653.0,David Ginola,David,Ginola,1967-01-25,France,France,,F,Forward,8,36.0,4.0,7.0,3.0,7.0,14.0,,15.0,3.0,
1544,1882.0,Stefano Gioacchini,Stefano,Gioacchini,1976-11-25,Italy,Italy,,F,Forward,8,,,,,,,,,,
851,57620.0,Shay Given,Shay,Given,1976-04-20,Ireland,Ireland,24.0,G,Goalkeeper,8,14.0,6.0,3.0,,,5.0,,6.0,,
1593,1950.0,Stephen Glass,Stephen,Glass,1976-05-23,Scotland,Scotland,,M,Midfielder,8,7.0,0.0,3.0,1.0,,1.0,,3.0,,
1536,2674.0,Bjarne Goldbæk,Bjarne,Goldbæk,1968-10-06,Denmark,Denmark,,M,Midfielder,8,6.0,0.0,1.0,,,2.0,,3.0,,
1736,2670.0,Alain Goma,Alain,Goma,1972-10-05,France,France,24.0,D,Defender,8,14.0,2.0,1.0,,,10.0,,3.0,5.0,
974,1074.0,Jon Goodman,Jon,Goodman,1971-06-02,England,Ireland,,F,Forward,8,,,,,,,,,,
1818,2277.0,Tommy Goodwin,Tommy,Goodwin,1979-11-08,England,England,,M,Midfielder,8,1.0,0.0,,,,1.0,,,,
151,1932.0,Dean Gordon,Dean,Gordon,1973-02-10,England,England,,D,Defender,8,4.0,0.0,1.0,,,1.0,,2.0,1.0,
1605,2117.0,Richard Gough,Richard,Gough,1962-04-05,Sweden,Scotland,,D,Defender,8,29.0,9.0,9.0,1.0,1.0,10.0,,10.0,3.0,
4415,10464.0,Mark Gower,Mark,Gower,1978-10-05,England,England,27.0,M,Central Midfielder,8,,,,,,,,,,
1671,2082.0,Gareth Grant,Gareth,Grant,1980-09-06,England,England,,F,Forward,8,1.0,0.0,,,,1.0,,,,
1144,3534.0,Danny Granville,Danny,Granville,1975-01-19,England,England,3.0,D,Defender,8,,,,,,,,,,
1826,278932.0,Xavier Gravelaine,Xavier,Gravelaine,1968-10-05,France,France,,F,Forward,8,7.0,0.0,1.0,2.0,2.0,5.0,1.0,1.0,1.0,
1133,13582.0,Julian Gray,Julian,Gray,1979-09-21,England,England,27.0,M,Midfielder,8,1.0,0.0,,,,1.0,,,,
1738,29348.0,Stuart Green,Stuart,Green,1981-06-15,England,England,15.0,M,Midfielder,8,,,,,,,,,,
1429,20496.0,Jonathan Greening,Jonathan,Greening,1979-01-02,England,England,30.0,M,Midfielder,8,4.0,0.0,,,,1.0,,3.0,,
1437,13058.0,Andy Griffin,Andy,Griffin,1979-03-17,England,England,,D,Right Full Back,8,3.0,0.0,1.0,1.0,,,,2.0,,
1297,1534.0,Gilles Grimandi,Gilles,Grimandi,1970-11-11,France,France,,D,Defender,8,28.0,7.0,6.0,2.0,1.0,6.0,1.0,16.0,8.0,
1493,1803.0,David Grondin,David,Grondin,1980-05-08,France,France,,D,Defender,8,,,,,,,,,,
1349,1916.0,Arnar Gunnlaugsson,Arnar,Gunnlaugsson,1973-03-06,Iceland,Iceland,,F,Forward,8,2.0,0.0,1.0,,,1.0,,,,
1201,279326.0,Steve Guppy,Steve,Guppy,1969-03-29,England,England,,M,Midfielder,8,30.0,8.0,4.0,2.0,7.0,11.0,,15.0,2.0,1.0
1685,2097.0,Tomas Gustafsson,Tomas,Gustafsson,1973-05-07,Sweden,Sweden,,D,Defender,8,10.0,2.0,1.0,,,5.0,,4.0,1.0,
938,2443.0,Alf Inge Haaland,Alf Inge,Haaland,1972-11-23,Norway,Norway,,D,Defender,8,13.0,1.0,3.0,,,3.0,,7.0,4.0,
1688,127422.0,Mustapha Hadji,Mustapha,Hadji,1971-11-16,Morocco,Morocco,25.0,M,Midfielder,8,33.0,6.0,7.0,6.0,7.0,15.0,,11.0,5.0,
860,29995.0,Marcus Hall,Marcus,Hall,1976-03-24,England,England,3.0,D,Left Full Back,8,9.0,3.0,3.0,,,2.0,,4.0,1.0,
423,2069.0,Gunnar Halle,Gunnar,Halle,1965-08-11,Norway,Norway,,D,Defender,8,38.0,7.0,9.0,,5.0,20.0,,9.0,8.0,
1595,29970.0,Dietmar Hamann,Dietmar,Hamann,1973-08-27,Germany,Germany,16.0,M,Midfielder,8,28.0,10.0,8.0,1.0,2.0,6.0,,14.0,6.0,
1231,1439.0,Des Hamilton,Des,Hamilton,1976-08-15,England,England,,M,Midfielder,8,,,,,,,,,,
18745,28126.0,Matthew Hamshaw,Matthew,Hamshaw,1982-01-01,England,England,20.0,M,Midfielder,8,,,,,,,,,,
1147,178573.0,Jon Harley,Jon,Harley,1979-09-26,England,England,,D,Defender,8,17.0,4.0,5.0,2.0,,4.0,,8.0,1.0,
1550,3760.0,Kevin Harper,Kevin,Harper,1976-01-15,England,Scotland,,M,Midfielder,8,5.0,0.0,1.0,,,4.0,,,1.0,
1223,1431.0,Craig Harrison,Craig,Harrison,1977-11-10,England,England,,D,Defender,8,,,,,,,,,,
1045,58766.0,Ian Harte,Ian,Harte,1977-08-31,Ireland,Ireland,14.0,D,Left Full Back,8,33.0,10.0,4.0,6.0,5.0,11.0,1.0,18.0,7.0,
844,278349.0,John Hartson,John,Hartson,1975-04-05,Wales,Wales,10.0,F,Forward,8,16.0,1.0,8.0,9.0,4.0,4.0,2.0,4.0,3.0,
1612,27640.0,Steven Haslam,Steven,Haslam,1979-09-06,England,England,16.0,D,Defender,8,23.0,3.0,3.0,,,13.0,,7.0,,
21734,183059.0,Peter Hawkins,Peter,Hawkins,1978-09-18,England,England,28.0,D,Defender,8,,,,,,,,,,
1705,2127.0,Danny Hay,Danny,Hay,1975-05-15,New Zealand,New Zealand,,D,Defender,8,,,,,,,,,,
628,1294.0,Paul Heald,Paul,Heald,1968-09-20,England,England,,G,Goalkeeper,8,1.0,0.0,,,,,,1.0,,
1724,126129.0,David Healy,David,Healy,1979-08-05,Northern Ireland,Northern Ireland,15.0,F,Centre Striker,8,,,,,,,,,,
1358,4166.0,Magnus Hedman,Magnus,Hedman,1973-03-19,Sweden,Sweden,22.0,G,Goalkeeper,8,35.0,9.0,8.0,,,16.0,,11.0,,
1573,1921.0,Vegard Heggem,Vegard,Heggem,1975-07-13,Norway,Norway,17.0,D,Defender,8,22.0,1.0,5.0,1.0,,6.0,,11.0,,
1733,2168.0,Helder,Hélder Marino,Rodrigues Cristóvão,1971-03-21,Portugal,Portugal,,D,Defender,8,8.0,3.0,2.0,1.0,,1.0,,5.0,2.0,
1791,97506.0,Heidar Helguson,Heidar,Helguson,1977-08-22,Iceland,Iceland,,F,Forward,8,16.0,1.0,4.0,6.0,2.0,10.0,,2.0,6.0,
1753,2194.0,Thomas Helmer,Thomas,Helmer,1965-04-21,Germany,Germany,,D,Defender,8,2.0,0.0,1.0,,,1.0,,,1.0,
1335,1580.0,Stéphane Henchoz,Stéphane,Henchoz,1974-09-07,Switzerland,Switzerland,16.0,D,Defender,8,29.0,13.0,8.0,,,5.0,,16.0,8.0,
848,12990.0,Lee Hendrie,Lee,Hendrie,1977-05-18,England,England,,M,Midfielder,8,29.0,5.0,10.0,1.0,,9.0,,10.0,6.0,
75,2604.0,Colin Hendry,Colin,Hendry,1965-12-07,Scotland,Scotland,,D,Defender,8,9.0,2.0,,,,6.0,,3.0,,1.0
1659,25936.0,Thierry Henry,Thierry,Henry,1977-08-17,France,France,,F,Centre Striker,8,31.0,1.0,7.0,17.0,8.0,7.0,,17.0,6.0,
908,14283.0,Emile Heskey,Emile,Heskey,1978-01-11,England,England,19.0,F,Centre Striker,8,35.0,8.0,8.0,10.0,4.0,13.0,,14.0,5.0,
1405,1668.0,Martin Hiden,Martin,Hiden,1973-03-11,Austria,Austria,,D,Defender,8,1.0,0.0,,,,1.0,,,,
1426,13840.0,Danny Higginbotham,Danny,Higginbotham,1978-12-29,England,Gibraltar,4.0,D,Defender,8,3.0,0.0,,,,,,3.0,,
1056,1988.0,Scott Hiley,Scott,Hiley,1968-09-27,England,England,,D,Defender,8,3.0,0.0,1.0,,,1.0,,1.0,,
1768,11265.0,Kevin Phillips,Kevin,Phillips,1973-07-25,England,England,28.0,F,Centre Striker,8,36.0,8.0,9.0,30.0,4.0,11.0,,16.0,6.0,
1774,2223.0,John Piercy,John,Piercy,1979-09-18,England,England,,M,Midfielder,8,3.0,0.0,,,,1.0,,2.0,,
1433,2360.0,Alessandro Pistone,Alessandro,Pistone,1975-07-27,Italy,Italy,,D,Defender,8,15.0,5.0,8.0,1.0,,2.0,,5.0,1.0,
1161,3770.0,Mart Poom,Mart,Poom,1972-02-03,Estonia,Estonia,21.0,G,Goalkeeper,8,28.0,9.0,9.0,,,13.0,,6.0,2.0,
785,821.0,Steve Potts,Steve,Potts,1967-05-07,United States,England,,D,Defender,8,17.0,4.0,5.0,,,6.0,,6.0,1.0,
1177,3113.0,Darryl Powell,Darryl,Powell,1971-01-15,England,Jamaica,,M,Midfielder,8,31.0,10.0,9.0,2.0,1.0,13.0,,9.0,6.0,
1355,2769.0,Gustavo Poyet,Gustavo,Poyet,1967-11-15,Uruguay,Uruguay,,M,Midfielder,8,33.0,8.0,10.0,10.0,5.0,7.0,,16.0,5.0,
495,2910.0,Kevin Pressman,Kevin,Pressman,1967-11-06,England,England,,G,Goalkeeper,8,19.0,3.0,3.0,,,13.0,,3.0,1.0,
2102,2704.0,Michael Price,Michael,Price,1983-03-04,England,England,,G,Goalkeeper,8,,,,,,,,,,
732,2444.0,Spencer Prior,Spencer,Prior,1971-04-22,England,England,,D,Defender,8,20.0,3.0,4.0,,,11.0,,5.0,6.0,
1769,2215.0,Michael Proctor,Michael,Proctor,1980-10-03,England,England,,F,Forward,8,,,,,,,,,,
985,183078.0,Mark Prudhoe,Mark,Prudhoe,1963-11-08,England,England,17.0,G,Goalkeeper,8,,,,,,,,,,
1540,1877.0,Barry Quinn,Barry,Quinn,1979-05-09,Ireland,Ireland,,M,Midfielder,8,11.0,1.0,1.0,,,8.0,,2.0,2.0,
1138,177643.0,Adam Rachel,Adam,Rachel,1976-12-10,England,England,,G,Goalkeeper,8,,,,,,,,,,
1715,31297.0,Paul Rachubka,Paul,Rachubka,1981-05-21,United States,England,21.0,G,Goalkeeper,8,,,,,,,,,,
886,961.0,Lucas Radebe,Lucas,Radebe,1969-04-12,South Africa,South Africa,5.0,D,Defender,8,31.0,11.0,5.0,,,8.0,,18.0,2.0,1.0
1259,29972.0,Alex Rae,Alex,Rae,1969-09-30,Scotland,Scotland,39.0,M,Midfielder,8,26.0,3.0,7.0,3.0,5.0,9.0,2.0,10.0,8.0,
1182,1379.0,Marino Rahmberg,Marino,Rahmberg,1974-08-07,Sweden,Sweden,,S,Substitute,8,,,,,,,,,,
1134,95735.0,Isaiah Rankin,Isaiah,Rankin,1978-05-22,England,England,,F,Forward,8,9.0,0.0,2.0,,,5.0,,2.0,,
1767,2213.0,Michael Reddy,Michael,Reddy,1980-03-24,Ireland,Ireland,,F,Forward,8,8.0,0.0,3.0,1.0,,3.0,,2.0,,
1322,2073.0,Neil Redfearn,Neil,Redfearn,1965-06-20,England,England,,M,Midfielder,8,17.0,2.0,5.0,1.0,,9.0,,3.0,6.0,
262,3710.0,Jamie Redknapp,Jamie,Redknapp,1973-06-25,England,England,38.0,M,Midfielder,8,22.0,7.0,5.0,3.0,1.0,7.0,,10.0,4.0,
1398,26722.0,Carl Regan,Carl,Regan,1980-09-09,England,England,15.0,D,Defender,8,,,,,,,,,,
1531,11081.0,Rhys Evans,Rhys,Evans,1982-01-27,England,England,1.0,G,Goalkeeper,8,,,,,,,,,,
1587,1942.0,Hamilton Ricard,Hamilton,Ricard,1974-01-12,Colombia,Colombia,,F,Forward,8,34.0,1.0,10.0,12.0,3.0,12.0,,12.0,7.0,
1748,2767.0,Dean Richards,Dean,Richards,1974-06-09,England,England,,D,Defender,8,35.0,10.0,7.0,2.0,,17.0,1.0,11.0,4.0,2.0
1821,12608.0,Barry Richardson,Barry,Richardson,1969-05-08,England,England,13.0,G,Goalkeeper,8,,,,,,,,,,
1425,1697.0,Karl-Heinz Riedle,Karl-Heinz,Riedle,1965-09-16,Germany,Germany,,F,Forward,8,1.0,0.0,,,,1.0,,,,
1695,176253.0,Chris Riggott,Chris,Riggott,1980-09-01,England,England,,D,Defender,8,1.0,0.0,,,,1.0,,,,
79,1991.0,Stuart Ripley,Stuart,Ripley,1967-11-20,England,England,,M,Midfielder,8,23.0,4.0,5.0,1.0,6.0,11.0,,7.0,1.0,
18583,27782.0,Omer Riza,Omer,Riza,1979-11-08,England,England,,F,Forward,8,,,,,,,,,,
1068,97710.0,Ben Roberts,Ben,Roberts,1975-06-22,England,England,22.0,G,Goalkeeper,8,,,,,,,,,,
1409,1673.0,David Robertson,David,Robertson,1968-10-17,Scotland,Scotland,,M,Midfielder,8,,,,,,,,,,
1552,11080.0,Marvin Robinson,Marvin,Robinson,1980-04-11,England,England,,F,Forward,8,8.0,0.0,1.0,,,5.0,,2.0,1.0,
1716,27262.0,Lee Roche,Lee,Roche,1980-10-28,England,England,,D,Defender,8,,,,,,,,,,
1814,2272.0,Bruno Rodriguez,Bruno,Rodriguez,1972-11-25,France,France,,F,Forward,8,2.0,0.0,1.0,,,1.0,,,,
1691,2105.0,Cedric Roussel,Cedric,Roussel,1978-01-06,Belgium,Belgium,,F,Forward,8,22.0,3.0,4.0,6.0,6.0,10.0,,8.0,1.0,
1762,2205.0,Eric Roy,Eric,Roy,1967-09-26,France,France,,M,Midfielder,8,24.0,1.0,4.0,,2.0,9.0,,11.0,2.0,1.0
558,2011.0,Neil Ruddock,Neil,Ruddock,1968-05-09,England,England,,D,Defender,8,15.0,2.0,5.0,,1.0,5.0,,5.0,4.0,
1446,1728.0,Petter Rudi,Petter,Rudi,1973-09-17,Norway,Norway,,M,Midfielder,8,20.0,1.0,3.0,2.0,,16.0,,1.0,2.0,
1465,1752.0,Moussa Saïb,Moussa,Saïb,1969-03-06,Algeria,Algeria,,M,Midfielder,8,,,,,,,,,,
1505,26835.0,Jlloyd Samuel,Jlloyd,Samuel,1981-03-29,Trinidad & Tobago,Trinidad & Tobago,21.0,D,Defender,8,9.0,3.0,3.0,,,1.0,,5.0,2.0,
60,2081.0,Dean Saunders,Dean,Saunders,1964-06-21,Wales,Wales,,F,Forward,8,34.0,3.0,8.0,3.0,2.0,17.0,,9.0,1.0,
706,54999.0,Robbie Savage,Robbie,Savage,1974-10-18,Wales,Wales,8.0,M,Midfielder,8,35.0,6.0,5.0,1.0,1.0,14.0,,16.0,4.0,
586,2537.0,John Scales,John,Scales,1966-07-04,England,England,,D,Defender,8,4.0,0.0,1.0,,,1.0,,2.0,,
1545,1883.0,Stefan Schnoor,Stefan,Schnoor,1971-04-18,Germany,Germany,,D,Defender,8,29.0,6.0,8.0,,1.0,12.0,2.0,9.0,4.0,
336,324.0,Paul Scholes,Paul,Scholes,1974-11-16,England,England,22.0,M,Centre Central Midfielder,8,31.0,7.0,3.0,9.0,5.0,3.0,,25.0,7.0,1.0
1218,58158.0,Mark Schwarzer,Mark,Schwarzer,1972-10-06,Australia,Australia,32.0,G,Goalkeeper,8,37.0,9.0,10.0,,,13.0,,14.0,1.0,1.0
1616,1984.0,Philip Scott,Philip,Scott,1974-11-14,Scotland,Scotland,,M,Midfielder,8,5.0,0.0,1.0,,,3.0,,1.0,1.0,
310,1062.0,Les Sealey,Les,Sealey,1957-09-29,England,England,,G,Goalkeeper,8,,,,,,,,,,
1,119183.0,David Seaman,David,Seaman,1963-09-19,England,England,,G,Goalkeeper,8,24.0,5.0,5.0,,,6.0,,13.0,,
582,1999.0,Hans Segers,Hans,Segers,1961-10-30,Netherlands,Netherlands,,G,Goalkeeper,8,,,,,,,,,,
1592,1948.0,Carl Serrant,Carl,Serrant,1975-09-12,England,England,,D,Defender,8,2.0,0.0,,,,2.0,,,,
328,2074.0,Lee Sharpe,Lee,Sharpe,1971-05-27,England,England,,M,Midfielder,8,18.0,2.0,3.0,,1.0,11.0,,4.0,1.0,
154,1168.0,Richard Shaw,Richard,Shaw,1968-09-11,England,England,,D,Defender,8,29.0,6.0,5.0,,,16.0,,8.0,3.0,
89,1440.0,Alan Shearer,Alan,Shearer,1970-08-13,England,England,9.0,F,Forward,8,37.0,12.0,9.0,23.0,7.0,14.0,1.0,14.0,2.0,
1152,1343.0,Joe Sheerin,Joe,Sheerin,1977-11-08,England,England,,F,Forward,8,,,,,,,,,,
576,110022.0,Teddy Sheringham,Teddy,Sheringham,1966-04-02,England,England,,F,Centre Second Striker,8,27.0,3.0,6.0,5.0,6.0,2.0,,19.0,,
78,3336.0,Tim Sherwood,Tim,Sherwood,1969-02-06,England,England,,M,Midfielder,8,27.0,3.0,5.0,8.0,1.0,10.0,,12.0,9.0,
1745,99711.0,Gerald Sibon,Gerald,Sibon,1974-04-19,Netherlands,Netherlands,35.0,F,Centre Striker,8,28.0,2.0,5.0,5.0,1.0,17.0,,6.0,2.0,
1719,126227.0,Mikaël Silvestre,Mikaël,Silvestre,1977-08-09,France,France,16.0,D,Left/Centre Central Defender,8,31.0,9.0,6.0,,,3.0,,22.0,,
1554,28761.0,Steve Simonsen,Steve,Simonsen,1979-04-03,England,England,1.0,G,Goalkeeper,8,1.0,0.0,,,,1.0,,,,
103,29322.0,Frank Sinclair,Frank,Sinclair,1971-12-03,Jamaica,Jamaica,15.0,D,Defender,8,34.0,7.0,5.0,,2.0,14.0,1.0,15.0,7.0,2.0
1803,2431.0,Daniel Sjölund,Daniel,Sjölund,1983-04-22,Finland,Finland,,F,Forward,8,,,,,,,,,,
1797,97150.0,Allan Smart,Allan,Smart,1974-07-08,Scotland,Scotland,,F,Forward,8,14.0,1.0,3.0,5.0,1.0,9.0,,2.0,1.0,
1711,146527.0,Vladimir Smicer,Vladimir,Smicer,1973-05-24,Czech Republic,Czech Republic,11.0,M,Midfielder,8,21.0,2.0,4.0,1.0,4.0,5.0,,12.0,1.0,
1412,14937.0,Alan Smith,Alan,Smith,1980-10-28,England,England,17.0,M,Central Midfielder,8,26.0,3.0,4.0,4.0,3.0,8.0,1.0,14.0,5.0,
1597,27645.0,Nolberto Solano,Nolberto,Solano,1974-12-12,Peru,Peru,24.0,M,Midfielder,8,30.0,3.0,7.0,3.0,15.0,13.0,,10.0,6.0,
1217,1425.0,Ole Gunnar Solskjaer,Ole Gunnar,Solskjaer,1973-02-26,Norway,Norway,20.0,F,Forward,8,28.0,3.0,6.0,12.0,7.0,3.0,,19.0,2.0,
1360,182907.0,Trond Egil Soltvedt,Trond Egil,Soltvedt,1967-02-15,Norway,Norway,32.0,M,Midfielder,8,24.0,2.0,4.0,1.0,4.0,12.0,,8.0,,
1570,2516.0,Rigobert Song,Rigobert,Song,1976-07-01,Cameroon,Cameroon,,D,Defender,8,18.0,5.0,6.0,,1.0,3.0,,9.0,2.0,1.0
1614,1982.0,Danny Sonner,Danny,Sonner,1972-01-09,Northern Ireland,Northern Ireland,,M,Midfielder,8,27.0,1.0,6.0,,1.0,17.0,1.0,4.0,5.0,
172,2065.0,Neville Southall,Neville,Southall,1958-09-16,Wales,Wales,,G,Goalkeeper,8,1.0,0.0,,,,1.0,,,,
153,2732.0,Gareth Southgate,Gareth,Southgate,1970-09-03,England,England,6.0,D,Defender,8,31.0,11.0,12.0,2.0,1.0,9.0,1.0,10.0,,2.0
239,97061.0,Gary Speed,Gary,Speed,1969-09-08,Wales,Wales,15.0,M,Midfielder,8,36.0,12.0,9.0,9.0,3.0,14.0,,13.0,6.0,
708,727.0,Pavel Srnicek,Pavel,Srnicek,1968-03-10,Czech Republic,Czech Republic,24.0,G,Goalkeeper,8,20.0,4.0,4.0,,,11.0,,5.0,,1.0
1580,119233.0,Jaap Stam,Jaap,Stam,1972-07-17,Netherlands,Netherlands,5.0,D,Defender,8,33.0,8.0,7.0,,1.0,3.0,,23.0,5.0,1.0
359,345.0,Phil Stamp,Phil,Stamp,1975-12-12,England,England,,M,Midfielder,8,16.0,2.0,3.0,,1.0,5.0,,8.0,6.0,
75282,182519.0,Michael Standing,Michael,Standing,1981-03-20,England,England,27.0,M,Midfielder,8,,,,,,,,,,
75293,182862.0,Thomas Staniforth,Thomas,Staniforth,1980-12-15,,,37.0,D,Defender,8,,,,,,,,,,
41,39.0,Steve Staunton,Steve,Staunton,1969-01-19,Ireland,Ireland,,D,Defender,8,12.0,2.0,2.0,,1.0,4.0,1.0,6.0,2.0,
843,2207.0,Stefan Schwarz,Hans-Jurgen Stefan,Schwarz,1969-04-18,Sweden,Sweden,,M,Midfielder,8,27.0,5.0,8.0,1.0,2.0,7.0,,12.0,11.0,
1708,115071.0,Jordan Stewart,Jordan,Stewart,1982-03-03,England,England,3.0,D,Full Back,8,1.0,0.0,,,,1.0,,,,
1164,2255.0,Igor Stimac,Igor,Stimac,1967-09-06,Croatia,Croatia,,D,Defender,8,24.0,5.0,6.0,1.0,,9.0,1.0,9.0,9.0,
1584,27553.0,Robbie Stockdale,Robbie,Stockdale,1979-11-30,Scotland,Scotland,,D,Defender,8,11.0,0.0,2.0,1.0,1.0,6.0,,3.0,,
406,3337.0,Steve Stone,Steve,Stone,1971-08-20,England,England,,M,Midfielder,8,24.0,3.0,8.0,1.0,3.0,6.0,,10.0,1.0,
1362,178406.0,Gavin Strachan,Gavin,Strachan,1978-12-23,Scotland,Scotland,,M,Midfielder,8,3.0,0.0,1.0,,,1.0,,1.0,,
1700,2116.0,Branko Strupar,Branko,Strupar,1970-02-09,Belgium,Belgium,,F,Forward,8,15.0,5.0,5.0,5.0,,6.0,,4.0,1.0,
1295,32992.0,Stuart Taylor,Stuart,Taylor,1980-11-28,England,England,28.0,G,Goalkeeper,8,,,,,,,,,,
1178,3410.0,Dean Sturridge,Dean,Sturridge,1973-07-27,England,England,,F,Forward,8,25.0,1.0,7.0,6.0,,13.0,,5.0,3.0,
1657,2524.0,Davor Suker,Davor,Suker,1968-01-01,Croatia,Croatia,,F,Forward,8,22.0,1.0,3.0,8.0,1.0,9.0,,10.0,4.0,
583,27204.0,Neil Sullivan,Neil,Sullivan,1970-02-24,Scotland,Scotland,1.0,G,Goalkeeper,8,37.0,5.0,12.0,,,19.0,,6.0,1.0,
769,3431.0,Nicky Summerbee,Nicky,Summerbee,1971-08-26,England,England,,M,Midfielder,8,32.0,8.0,8.0,1.0,5.0,10.0,,14.0,3.0,
1075,1233.0,Mark Summerbell,Mark,Summerbell,1976-10-30,England,England,,M,Midfielder,8,19.0,5.0,7.0,,,6.0,,6.0,4.0,1.0
390,4120.0,Chris Sutton,Chris,Sutton,1973-03-10,England,England,20.0,F,Forward,8,28.0,3.0,9.0,1.0,2.0,7.0,,12.0,7.0,
1651,5401.0,Sylvinho,Sylvinho,Mendes Campos Júnior,1974-04-12,Brazil,Brazil,16.0,D,Left Full Back,8,31.0,6.0,7.0,1.0,3.0,6.0,,18.0,3.0,
1751,122559.0,Thomas Sørensen,Thomas,Sørensen,1976-06-12,Denmark,Denmark,1.0,G,Goalkeeper,8,37.0,9.0,10.0,,1.0,11.0,,16.0,1.0,
1014,1913.0,Gerry Taggart,Gerry,Taggart,1970-10-18,Northern Ireland,Northern Ireland,,D,Defender,8,31.0,4.0,6.0,6.0,3.0,12.0,1.0,13.0,5.0,
1714,2146.0,Massimo Taibi,Massimo,Taibi,1970-02-18,Italy,Italy,,G,Goalkeeper,8,4.0,0.0,2.0,,,1.0,,1.0,,
880,26668.0,Mauricio Taricco,Mauricio,Taricco,1973-03-10,Argentina,Argentina,27.0,D,Defender,8,29.0,5.0,6.0,,5.0,11.0,,12.0,10.0,
1701,4079.0,Abel Xavier,Abel Luís,da Silva Costa Xavier,1972-11-30,Portugal,Portugal,17.0,D,Defender,8,20.0,4.0,6.0,,,6.0,,8.0,,
1474,1768.0,Samassi Abou,Samassi,Abou,1973-04-04,Cote D’Ivoire,France,,F,Forward,8,,,,,,,,,,
3,3.0,Tony Adams,Tony,Adams,1966-10-10,England,England,,D,Defender,8,21.0,7.0,2.0,,1.0,4.0,,15.0,2.0,
1639,12626.0,Gareth Ainsworth,Gareth,Ainsworth,1973-05-10,England,England,44.0,M,Centre Central Midfielder,8,2.0,0.0,1.0,2.0,,1.0,,,1.0,
926,176679.0,Sam Aiston,Sam,Aiston,1976-11-21,England,England,,M,Midfielder,8,,,,,,,,,,
8267,10340.0,Gary Alexander,Gary,Alexander,1979-08-15,England,England,9.0,F,Centre Striker,8,,,,,,,,,,
1447,2370.0,Niclas Alexandersson,Niclas,Alexandersson,1971-12-29,Sweden,Sweden,,M,Midfielder,8,37.0,5.0,6.0,5.0,4.0,23.0,,8.0,2.0,
1656,96529.0,Jérémie Aliadière,Jérémie,Aliadière,1983-03-30,France,France,10.0,F,Forward,8,,,,,,,,,,
1704,28928.0,Shaun Allaway,Shaun,Allaway,1983-02-16,England,England,,G,Goalkeeper,8,,,,,,,,,,
1543,127569.0,John Aloisi,John,Aloisi,1976-02-05,Australia,Australia,20.0,F,Forward,8,7.0,0.0,2.0,2.0,,4.0,,1.0,1.0,
1680,2091.0,Gabriele Ambrosetti,Gabriele,Ambrosetti,1973-08-07,Italy,Italy,,M,Midfielder,8,16.0,0.0,5.0,,,4.0,,7.0,,
1806,2264.0,Trond Andersen,Trond,Andersen,1975-01-06,Norway,Norway,,D,Defender,8,36.0,5.0,12.0,,3.0,18.0,,6.0,4.0,
566,3471.0,Darren Anderton,Darren,Anderton,1972-03-03,England,England,,M,Midfielder,8,22.0,3.0,4.0,3.0,5.0,10.0,,8.0,5.0,
1808,3165.0,Martin Andresen,Martin,Andresen,1977-02-02,Norway,Norway,,M,Midfielder,8,14.0,0.0,3.0,1.0,,7.0,,4.0,1.0,
518,1680.0,Ian Andrews,Ian,Andrews,1964-12-01,England,England,,G,Goalkeeper,8,,,,,,,,,,
73994,175926.0,Stevland Angus,Stevland,Angus,1980-09-16,England,England,,D,Defender,8,,,,,,,,,,
1771,12053.0,Anthony Gardner,Anthony,Gardner,1980-09-19,England,England,4.0,D,Centre Central Defender,8,,,,,,,,,,
75286,182601.0,Tomas Antonelius,Tomas,Antonelius,1973-05-07,Sweden,Sweden,20.0,D,Defender,8,,,,,,,,,,
600,578.0,Neal Ardley,Neal,Ardley,1972-09-01,England,England,,M,Midfielder,8,17.0,0.0,4.0,2.0,1.0,9.0,,4.0,,
726,2395.0,Alun Armstrong,Alun,Armstrong,1975-02-22,England,England,10.0,F,Forward,8,12.0,0.0,2.0,1.0,,5.0,,5.0,,
1415,2420.0,Pegguy Arphexad,Pegguy,Arphexad,1973-05-18,France,France,,G,Goalkeeper,8,11.0,3.0,3.0,,,4.0,,4.0,,
1665,176866.0,Ashley Westwood,Ashley Michael,Westwood,1976-08-31,England,England,,D,Defender,8,5.0,0.0,1.0,,,,,4.0,1.0,
125,2311.0,Peter Atherton,Peter,Atherton,1970-04-06,England,England,2.0,D,Defender,8,35.0,7.0,7.0,1.0,,20.0,,8.0,5.0,
1272,2895.0,Espen Baardsen,Espen,Baardsen,1977-12-07,United States,Norway,,G,Goalkeeper,8,,,,,,,,,,
1145,3643.0,Celestine Babayaro,Celestine,Babayaro,1978-08-29,Nigeria,Nigeria,33.0,D,Defender,8,25.0,11.0,7.0,,,5.0,,13.0,3.0,
128,3032.0,Phil Babb,Phil,Babb,1970-11-30,Ireland,Ireland,,D,Defender,8,,,,,,,,,,
1807,99265.0,Walid Badir,Walid,Badir,1974-03-12,Israel,Israel,10.0,D,Centre Central Defender,8,21.0,1.0,6.0,1.0,,12.0,,3.0,2.0,
1394,1649.0,Francesco Baiano,Francesco,Baiano,1968-02-24,Italy,Italy,,F,Forward,8,9.0,0.0,2.0,,2.0,6.0,,1.0,1.0,
1786,2239.0,Adrian Bakalli,Adrian,Bakalli,1976-11-22,Belgium,Belgium,,M,Midfielder,8,2.0,0.0,1.0,,,1.0,,,,
1219,1427.0,Steve Baker,Steve,Baker,1978-09-08,England,England,,D,Defender,8,,,,,,,,,,
1706,173401.0,Eirik Bakke,Eirik,Bakke,1977-09-13,Norway,Norway,17.0,M,Midfielder,8,29.0,3.0,3.0,2.0,1.0,11.0,,15.0,7.0,
1185,178446.0,Michael Ball,Michael,Ball,1979-10-02,England,England,16.0,D,Left Full Back,8,25.0,3.0,8.0,1.0,,9.0,,8.0,3.0,
1812,26006.0,Ademole Bankole,Ademole,Bankole,1969-09-09,England,England,,,,8,,,,,,,,,,
569,179502.0,Nick Barmby,Nick,Barmby,1974-02-11,England,England,18.0,M,Centre Central Midfielder,8,37.0,5.0,14.0,9.0,8.0,12.0,,11.0,7.0,
1499,1809.0,Graham Barrett,Graham,Barrett,1981-10-06,Ireland,Ireland,,F,Forward,8,2.0,0.0,,,,,,2.0,,
1308,52234.0,Gareth Barry,Gareth,Barry,1981-02-23,England,England,18.0,M,Centre Central Midfielder,8,30.0,12.0,12.0,1.0,1.0,7.0,,11.0,6.0,
1663,2060.0,Gustavo Bartelt,Gustavo,Bartelt,1974-09-02,Argentina,Argentina,,F,Forward,8,,,,,,,,,,
590,2644.0,Warren Barton,Warren,Barton,1969-03-19,England,England,2.0,D,Defender,8,34.0,8.0,7.0,,3.0,14.0,1.0,13.0,5.0,
243,234.0,David Batty,David,Batty,1968-12-02,England,England,,M,Midfielder,8,16.0,5.0,2.0,,3.0,3.0,,11.0,4.0,
187,25937.0,Peter Beagrie,Peter,Beagrie,1965-11-28,England,England,,,,8,35.0,2.0,9.0,7.0,5.0,18.0,,8.0,5.0,
1005,9736.0,James Beattie,James,Beattie,1978-02-27,England,England,21.0,F,Centre Striker,8,18.0,1.0,5.0,,,10.0,,3.0,2.0,
1266,1487.0,Paul Beavers,Paul,Beavers,1978-10-02,England,England,,F,Forward,8,,,,,,,,,,
1227,1894.0,Mikkel Beck,Mikkel,Beck,1973-05-12,Denmark,Denmark,,F,Forward,8,11.0,0.0,4.0,1.0,,6.0,,1.0,,
331,113463.0,David Beckham,David,Beckham,1975-05-02,England,England,32.0,M,Centre/Right Central Midfielder,8,31.0,6.0,6.0,6.0,15.0,3.0,,22.0,6.0,
1591,1947.0,David Beharall,David,Beharall,1979-03-08,England,England,,D,Defender,8,2.0,0.0,1.0,,,1.0,,,,
523,503.0,Francis Benali,Francis,Benali,1968-12-30,England,England,,D,Defender,8,26.0,5.0,6.0,,,13.0,,7.0,4.0,1.0
75292,182786.0,Chris Bennion,Chris,Bennion,1980-08-30,Scotland,Scotland,34.0,G,Goalkeeper,8,,,,,,,,,,
1583,1930.0,Marlon Beresford,Marlon,Beresford,1969-09-02,England,England,,G,Goalkeeper,8,1.0,0.0,,,,1.0,,,,
74,279141.0,Henning Berg,Henning,Berg,1969-09-01,Norway,Norway,,D,Defender,8,22.0,5.0,4.0,1.0,,1.0,,17.0,2.0,2.0
1205,100429.0,Patrik Berger,Patrik,Berger,1973-11-10,Czech Republic,Czech Republic,8.0,M,Left/Right Winger,8,34.0,13.0,9.0,9.0,3.0,9.0,,16.0,2.0,
991,1107.0,Dennis Bergkamp,Dennis,Bergkamp,1969-05-10,Netherlands,Netherlands,10.0,F,Forward,8,28.0,1.0,4.0,6.0,9.0,7.0,,17.0,6.0,
1686,2100.0,Robert Betts,Robert,Betts,1981-12-21,England,England,,M,Midfielder,8,2.0,0.0,,,,2.0,,,,
1456,29146.0,Scott Bevan,Scott,Bevan,1979-09-19,England,England,1.0,G,Goalkeeper,8,,,,,,,,,,
1661,2057.0,Jonathan Bewers,Jonathan,Bewers,1982-09-10,England,England,,D,Defender,8,1.0,0.0,,,,,,1.0,,
1112,1652.0,Slaven Bilic,Slaven,Bilic,1968-09-11,Croatia,Croatia,,D,Defender,8,,,,,,,,,,
260,2580.0,Stig Inge Bjornebye,Stig Inge,Bjornebye,1969-12-11,Norway,Norway,,D,Defender,8,,,,,,,,,,
1496,95872.0,Tommy Black,Tommy,Black,1979-11-26,England,England,,M,Midfielder,8,1.0,0.0,,,,,,1.0,,
589,567.0,Dean Blackwell,Dean,Blackwell,1969-12-05,England,England,,D,Defender,8,17.0,0.0,4.0,,,11.0,1.0,2.0,3.0,
1508,177650.0,Michael Blackwood,Michael,Blackwood,1979-09-30,England,England,,D,Defender,8,,,,,,,,,,
1673,5678.0,Robbie Blake,Robbie,Blake,1976-03-04,England,England,20.0,M,Left/Centre/Right Attacking Midfielder,8,28.0,0.0,7.0,2.0,1.0,17.0,,4.0,1.0,
1963,2492.0,Imants Bleidelis,Imants,Bleidelis,1975-08-16,Latvia,Latvia,,D,Defender,8,,,,,,,,,,
1582,2887.0,Jesper Blomqvist,Jesper,Blomqvist,1974-02-05,Sweden,Sweden,,F,Forward,8,,,,,,,,,,
1361,177168.0,George Boateng,George,Boateng,1975-09-05,Netherlands,Netherlands,6.0,M,Midfielder,8,33.0,7.0,11.0,2.0,,8.0,,14.0,9.0,
1549,26768.0,Paul Boertien,Paul,Boertien,1979-01-20,England,England,2.0,M,Midfielder,8,2.0,0.0,1.0,,,,,1.0,,
942,1645.0,Lars Bohinen,Lars,Bohinen,1969-09-08,Norway,Norway,,M,Midfielder,8,13.0,1.0,4.0,,1.0,5.0,,4.0,1.0,
1697,26772.0,Adam Bolder,Adam,Bolder,1980-10-25,England,England,26.0,M,Midfielder,8,,,,,,,,,,
1784,2237.0,Alexandre Bonnot,Alexandre,Bonnot,1973-07-31,France,France,,M,Midfielder,8,12.0,1.0,2.0,,,9.0,,1.0,1.0,
1241,2549.0,Andy Booth,Andy,Booth,1973-12-06,England,England,,F,Forward,8,23.0,4.0,4.0,2.0,3.0,14.0,,5.0,3.0,
1547,278153.0,Vassilis Borbokis,Vassilis,Borbokis,1969-02-10,Greece,Greece,,D,Defender,8,12.0,1.0,2.0,,1.0,7.0,,3.0,2.0,
32,2329.0,Mark Bosnich,Mark,Bosnich,1972-01-13,Australia,Australia,,G,Goalkeeper,8,23.0,9.0,4.0,,,2.0,,17.0,,
1658,6111.0,Jay Bothroyd,Jay,Bothroyd,1982-05-07,England,England,37.0,F,Centre Striker,8,,,,,,,,,,
9,2192.0,Steve Bould,Steve,Bould,1962-11-16,England,England,,D,Defender,8,20.0,6.0,5.0,,,5.0,1.0,10.0,3.0,
33504,95519.0,Mark Bower,Mark,Bower,1980-01-23,England,England,,D,Defender,8,,,,,,,,,,
1190,176853.0,Lee Bowyer,Lee,Bowyer,1977-01-03,England,England,8.0,M,Midfielder,8,33.0,9.0,6.0,5.0,2.0,9.0,,18.0,13.0,
21733,182704.0,Wesley Boyle,Wesley,Boyle,1979-03-30,Northern Ireland,Northern Ireland,33.0,M,Midfielder,8,,,,,,,,,,
1624,1997.0,Shayne Bradley,Shayne,Bradley,1979-12-08,England,England,,F,Forward,8,1.0,0.0,,,,1.0,,,1.0,
779,1951.0,Garry Brady,Garry,Brady,1976-09-07,Scotland,Scotland,,M,Midfielder,8,,,,,,,,,,
1588,1943.0,Marco Branca,Marco,Branca,1965-01-06,Italy,Italy,,F,Forward,8,,,,,,,,,,
1043,1188.0,Paul Michael Branch,Paul Michael,Branch,1978-10-18,England,England,,F,Forward,8,,,,,,,,,,
1416,13367.0,Guy Branston,Guy,Branston,1979-01-09,England,England,5.0,D,Centre Central Defender,8,,,,,,,,,,
1155,94818.0,Gary Breen,Gary,Breen,1973-12-12,Ireland,Ireland,6.0,D,Defender,8,21.0,3.0,5.0,,,10.0,,6.0,2.0,
1734,175345.0,Stephen Brennan,Stephen,Brennan,1983-03-20,Ireland,Ireland,2.0,D,Defender,8,,,,,,,,,,
1458,11905.0,Wayne Bridge,Wayne,Bridge,1980-08-05,England,England,18.0,D,Left Full Back,8,19.0,5.0,3.0,1.0,2.0,9.0,,7.0,,
1390,27159.0,Marc Bridge-Wilkinson,Marc,Bridge-Wilkinson,1979-03-16,England,England,,M,Midfielder,8,,,,,,,,,,
1270,4989.0,Michael Bridges,Michael,Bridges,1978-08-05,England,England,17.0,F,Forward,8,34.0,5.0,6.0,19.0,4.0,8.0,,20.0,6.0,
285,1875.0,Ian Brightwell,Ian,Brightwell,1968-04-09,England,England,,D,Defender,8,,,,,,,,,,
749,776.0,Lee Briscoe,Lee,Briscoe,1975-09-30,England,England,,D,Defender,8,16.0,0.0,5.0,,1.0,9.0,,2.0,1.0,
1613,27921.0,Leigh Bromby,Leigh,Bromby,1980-06-02,England,England,,D,Defender,8,,,,,,,,,,
1793,27226.0,Stephen Brooker,Stephen,Brooker,1981-05-21,England,England,9.0,F,Forward,8,1.0,0.0,,,,1.0,,,,
1211,39650.0,Wes Brown,Wes,Brown,1979-10-13,England,England,30.0,D,Centre Central Defender,8,,,,,,,,,,
1633,176855.0,Jimmy Bullard,Jimmy,Bullard,1978-10-23,England,England,21.0,M,Midfielder,8,,,,,,,,,,
109,2110.0,Craig Burley,Craig,Burley,1971-09-24,Scotland,Scotland,,M,Midfielder,8,18.0,6.0,8.0,5.0,1.0,5.0,,5.0,7.0,
256,919.0,David Burrows,David,Burrows,1968-10-25,England,England,,D,Defender,8,15.0,2.0,1.0,,,10.0,1.0,4.0,,
1393,20441.0,Deon Burton,Deon,Burton,1976-10-25,Jamaica,Jamaica,,F,Forward,8,19.0,2.0,5.0,4.0,2.0,10.0,,4.0,6.0,
1752,3385.0,Paul Butler,Paul,Butler,1972-11-02,Ireland,Ireland,,D,Defender,8,32.0,9.0,8.0,1.0,1.0,12.0,,12.0,6.0,
332,3805.0,Nicky Butt,Nicky,Butt,1975-01-21,England,England,20.0,M,Midfielder,8,32.0,4.0,6.0,3.0,3.0,2.0,2.0,24.0,2.0,
663,12394.0,Darren Byfield,Darren,Byfield,1976-09-29,Jamaica,Jamaica,10.0,F,Forward,8,,,,,,,,,,
1802,2258.0,Shaun Byrne,Shaun,Byrne,1981-01-21,England,Ireland,,M,Midfielder,8,1.0,0.0,1.0,,,,,,,
1472,18854.0,Stephen Bywater,Stephen,Bywater,1981-06-07,England,England,13.0,G,Goalkeeper,8,4.0,1.0,1.0,,,2.0,,1.0,,
1186,10436.0,Danny Cadamarteri,Danny,Cadamarteri,1979-10-12,England,England,11.0,F,Striker,8,17.0,1.0,6.0,1.0,2.0,7.0,,4.0,2.0,
