id,playerId,Display Name,First Name,Last Name,Birth Date,Birth Place,National Team,Shirt Num,Position,Position Info,year_id,appearances,clean_sheet,draws,goals,losses,wins,yellow_card,goal_assist,red_card,attempts_conceded_ibox,game_started,goals_conceded,goals_conceded_ibox,goal_assist_openplay,mins_played,ontarget_att_assist,open_play_pass,poss_lost_all,poss_lost_ctrl,times_tackled,total_att_assist,total_pass,touches,winning_goal,own_goals,attempts_ibox,att_bx_centre,att_ibox_goal,att_lf_goal,att_lf_total,att_openplay,goals_openplay,ontarget_scoring_att,total_scoring_att,att_rf_goal,att_rf_total,total_sub_on,accurate_pass,successful_open_play_pass,total_sub_off
562,41975.0,Andy Turner,Andy,Turner,1975-03-23,England,Northern Ireland,,M,Midfielder,1,18.0,0.0,5.0,3.0,7.0,6.0,,,,,,,,,,,,,,,,,,,,,,,,,,,,,,,,,,
552,2025.0,David Tuttle,David,Tuttle,1972-06-02,England,England,,D,Defender,1,5.0,0.0,3.0,,1.0,1.0,,,,,,,,,,,,,,,,,,,,,,,,,,,,,,,,,,
181,4432.0,David Unsworth,David,Unsworth,1973-10-16,England,England,25.0,D,Defender,1,3.0,0.0,1.0,,1.0,1.0,,,,,,,,,,,,,,,,,,,,,,,,,,,,,,,,,,
572,552.0,Pat van der Hauwe,Pat,van der Hauwe,1960-12-16,Belgium,Wales,,M,Midfielder,1,18.0,1.0,3.0,,7.0,8.0,3.0,,,,,,,,,,,,,,,,,,,,,,,,,,,,,,,,,
634,625.0,Imre Varadi,Imre,Varadi,1959-07-08,England,England,,F,Forward,1,4.0,1.0,1.0,1.0,2.0,1.0,,,,,,,,,,,,,,,,,,,,,,,,,,,,,,,,,,
651,649.0,Ken Veysey,Ken,Veysey,1967-06-08,England,England,,G,Goalkeeper,1,,,,,,,,,,,,,,,,,,,,,,,,,,,,,,,,,,,,,,,,
287,42011.0,Michel Vonk,Michel,Vonk,1968-10-28,Netherlands,Netherlands,,D,Defender,1,26.0,7.0,8.0,3.0,9.0,9.0,4.0,1.0,,,,,,,,,,,,,,,,,,,,,,,,,,,,,,,,
506,128587.0,Chris Waddle,Chris,Waddle,1960-12-14,England,England,10.0,M,Centre Central Midfielder,1,33.0,6.0,11.0,1.0,10.0,12.0,,8.0,,,,,,,,,,,,,,,,,,,,,,,,,,,,,,,,
544,3823.0,Ian Walker,Ian,Walker,1971-10-31,England,England,12.0,G,Goalkeeper,1,17.0,2.0,6.0,,7.0,4.0,,,,,,,,,,,,,,,,,,,,,,,,,,,,,,,,,,
236,42034.0,Ray Wallace,Ray,Wallace,1969-10-02,England,England,,D,Defender,1,6.0,1.0,3.0,,2.0,1.0,1.0,,,,,,,,,,,,,,,,,,,,,,,,,,,,,,,,,
309,4042.0,Gary Walsh,Gary,Walsh,1968-03-21,England,England,,G,Goalkeeper,1,,,,,,,,,,,,,,,,,,,,,,,,,,,,,,,,,,,,,,,,
266,42046.0,Mark Walters,Mark,Walters,1964-02-06,England,England,,M,Midfielder,1,34.0,5.0,9.0,11.0,14.0,11.0,2.0,5.0,,,,,,,,,,,,,,,,,,,,,,,,,,,,,,,,
470,451.0,David Walton,David,Walton,1973-04-10,England,England,,D,Defender,1,,,,,,,,,,,,,,,,,,,,,,,,,,,,,,,,,,,,,,,,
184,42129.0,Mark Ward,Mark,Ward,1962-10-10,England,England,,D,Defender,1,19.0,5.0,5.0,1.0,5.0,9.0,2.0,3.0,,,,,,,,,,,,,,,,,,,,,,,,,,,,,,,,
501,2605.0,Paul Warhurst,Paul,Warhurst,1969-09-26,England,England,,D,Defender,1,29.0,2.0,10.0,6.0,9.0,10.0,3.0,1.0,,,,,,,,,,,,,,,,,,,,,,,,,,,,,,,,
204,148638.0,John Wark,John,Wark,1957-08-04,Scotland,Scotland,5.0,D,Defender,1,37.0,9.0,15.0,6.0,12.0,10.0,2.0,2.0,,,,,,,,,,,,,,,,,,,,,,,,,,,,,,,,
190,183.0,Robert Warzycha,Robert,Warzycha,1963-08-20,Poland,Poland,,M,Midfielder,1,20.0,1.0,5.0,1.0,11.0,4.0,,4.0,,,,,,,,,,,,,,,,,,,,,,,,,,,,,,,,
174,167.0,Dave Watson,Dave,Watson,1961-11-20,England,England,,D,Defender,1,40.0,11.0,8.0,1.0,18.0,14.0,4.0,3.0,,,,,,,,,,,,,,,,,,,,,,,,,,,,,,,,
169,163.0,Grant Watts,Grant,Watts,1973-11-05,England,England,,F,Forward,1,4.0,0.0,,,3.0,1.0,,,,,,,,,,,,,,,,,,,,,,,,,,,,,,,,,,
409,41859.0,Neil Webb,Neil,Webb,1963-07-30,England,England,,M,Midfielder,1,10.0,3.0,2.0,,4.0,4.0,,2.0,,,,,,,,,,,,,,,,,,,,,,,,,,,,,,,,
139,133.0,Roy Wegerle,Roy,Wegerle,1964-03-19,South Africa,United States,,F,Forward,1,28.0,5.0,9.0,4.0,12.0,7.0,2.0,,,,,,,,,,,,,,,,,,,,,,,,,,,,,,,,,
228,2071.0,David Wetherall,David,Wetherall,1971-03-14,England,England,5.0,D,Defender,1,13.0,5.0,6.0,1.0,3.0,4.0,3.0,,,,,,,,,,,,,,,,,,,,,,,,,,,,,,,,,
208,1227.0,Phil Whelan,Phil,Whelan,1972-08-07,England,England,,D,Defender,1,32.0,7.0,11.0,,11.0,10.0,5.0,1.0,,,,,,,,,,,,,,,,,1.0,,,,,,,,,,,,,,,
295,42015.0,David White,David,White,1967-10-30,England,England,,M,Midfielder,1,42.0,11.0,12.0,16.0,15.0,15.0,1.0,4.0,,,,,,,,,,,,,,,,,,,,,,,,,,,,,,,,
484,466.0,Dane Whitehouse,Dane,Whitehouse,1970-10-14,England,England,,M,Midfielder,1,14.0,2.0,5.0,5.0,2.0,7.0,2.0,2.0,,,,,,,,,,,,,,,,,,,,,,,,,,,,,,,,
214,206.0,Steve Whitton,Steve,Whitton,1960-12-04,England,England,,M,Midfielder,1,24.0,3.0,7.0,3.0,11.0,6.0,1.0,2.0,,,,,,,,,,,,,,,,,,,,,,,,,,,,,,,,
312,300.0,Neil Whitworth,Neil,Whitworth,1972-04-12,England,England,,D,Defender,1,,,,,,,,,,,,,,,,,,,,,,,,,,,,,,,,,,,,,,,,
630,1317.0,Chris Whyte,Chris,Whyte,1961-09-02,England,England,,D,Defender,1,34.0,7.0,11.0,1.0,14.0,9.0,6.0,4.0,,,,,,,,,,,,,,,,,,,,,,,,,,,,,,,,
535,28730.0,Tommy Widdrington,Tommy,Widdrington,1971-10-01,England,England,13.0,M,Midfielder,1,12.0,2.0,1.0,,4.0,7.0,3.0,1.0,,2.0,1.0,2.0,2.0,1.0,90.0,1.0,1.0,1.0,1.0,0.0,1.0,1.0,1.0,0.0,,,,,,,,,,,,,,,,
80,2129.0,Jason Wilcox,Jason,Wilcox,1971-07-15,England,England,,M,Midfielder,1,33.0,12.0,9.0,4.0,10.0,14.0,2.0,10.0,,,,,,,,,,,,,,,,,,,,,,,,,,,,,,,,
455,1083.0,Ray Wilkins,Ray,Wilkins,1956-09-14,England,England,,M,Midfielder,1,27.0,6.0,7.0,2.0,7.0,13.0,2.0,4.0,,,,,,,,,,,,,,,,,,,,,,,,,,,,,,,,
368,41770.0,Paul Wilkinson,Paul,Wilkinson,1964-10-30,England,England,9.0,F,Forward,1,41.0,8.0,11.0,13.0,19.0,11.0,3.0,5.0,,,,,,,,,,,,,,,,,,,,,,,,,,,,,,,,
138,132.0,John Williams,John,Williams,1968-11-05,England,England,,F,Forward,1,41.0,10.0,12.0,8.0,16.0,13.0,4.0,4.0,,,,,,,,,,,,,,,,,,,,,,,,,,,,,,,,
367,867.0,Willie Falconer,William,Falconer,1966-05-04,Scotland,Scotland,,F,Forward,1,28.0,4.0,7.0,5.0,13.0,8.0,1.0,3.0,1.0,,,,,,,,,,,,,,,,,,,,,,,,,,,,,,,
647,644.0,Terry Wilson,Terry,Wilson,1969-02-08,England,England,,M,Midfielder,1,5.0,1.0,,,4.0,1.0,,,,,,,,,,,,,,,,,,,,,,,,,,,,,,,,,,
11,2514.0,Nigel Winterburn,Nigel,Winterburn,1963-12-11,England,England,,D,Defender,1,29.0,10.0,8.0,1.0,10.0,11.0,3.0,2.0,1.0,,,,,,,,,,,,,,,,,,,,,,,,,,,,,,,
107,2711.0,Dennis Wise,Dennis,Wise,1966-12-16,England,England,,M,Midfielder,1,27.0,8.0,9.0,3.0,8.0,10.0,8.0,5.0,,,,,,,,,,,,,,,,,,,,,,,,,,,,,,,,
404,388.0,Ian Woan,Ian,Woan,1967-12-14,England,England,,M,Midfielder,1,28.0,6.0,5.0,3.0,14.0,9.0,2.0,9.0,,,,,,,,,,,,,,,,,,,,,,,,,,,,,,,,
531,511.0,Steve Wood,Steve,Wood,1963-06-23,England,England,,M,Midfielder,1,4.0,1.0,3.0,,1.0,,,,,,,,,,,,,,,,,,,,,,,,,,,,,,,,,,,
131,125.0,Ray Woods,Ray,Woods,1965-06-07,England,England,,M,Midfielder,1,,,,,,,,,,,,,,,,,,,,,,,,,,,,,,,,,,,,,,,,
375,360.0,Colin Woodthorpe,Colin,Woodthorpe,1969-01-13,England,England,,D,Defender,1,7.0,3.0,1.0,,3.0,3.0,,,,,,,,,,,,,,,,,,,,,,,,,,,,,,,,,,
496,3655.0,Nigel Worthington,Nigel,Worthington,1961-11-04,Northern Ireland,Northern Ireland,,D,Defender,1,40.0,8.0,14.0,1.0,12.0,14.0,2.0,3.0,1.0,,,,,,,,,,,,,,,,,,,,,,,,,,,,,,,
29,2019.0,Ian Wright,Ian,Wright,1963-11-03,England,England,,F,Forward,1,31.0,7.0,9.0,15.0,11.0,11.0,5.0,4.0,,,,,,,,,,,,,,,,,,,,,,,,,,,,,,,,
201,193.0,Frank Yallop,Frank,Yallop,1964-04-04,England,Canada,,D,Defender,1,6.0,1.0,1.0,2.0,2.0,3.0,1.0,,,,,,,,,,,,,,,,,,,,,,,,,,,,,,,,,
59,4762.0,Dwight Yorke,Dwight,Yorke,1971-11-03,Trinidad & Tobago,Trinidad & Tobago,19.0,M,Midfielder,1,27.0,4.0,7.0,6.0,5.0,15.0,,3.0,,,,,,,,,,,,,,,,,,,,,,,,,,,,,,,,
207,2026.0,Eddie Youds,Eddie,Youds,1970-05-03,England,England,,D,Defender,1,16.0,0.0,7.0,,6.0,3.0,4.0,,,,,,,,,,,,,,,,,,,,,,,,,,,,,,,,,
150,144.0,Eric Young,Eric,Young,1960-03-25,Wales,Wales,,D,Defender,1,38.0,11.0,15.0,6.0,12.0,11.0,7.0,,,,,,,,,,,,,,,,,,,,,,,,,,,,,,,,,
495,2910.0,Kevin Pressman,Kevin,Pressman,1967-11-06,England,England,,G,Goalkeeper,1,3.0,1.0,,,1.0,2.0,,,,,,,,,,,,,,,,,,,,,,,,,,,,,,,,,,
81,78.0,Chris Price,Chris,Price,1960-03-30,England,England,,M,Midfielder,1,6.0,1.0,1.0,,2.0,3.0,,,,,,,,,,,,,,,,,,,,,,,,,,,,,,,,,,
637,632.0,Mark Proctor,Mark,Proctor,1961-01-30,England,England,,M,Midfielder,1,11.0,0.0,4.0,,5.0,2.0,,,,,,,,,,,,,,,,,,,,,,,,,,,,,,,,,,
299,288.0,Mike Quigley,Mike,Quigley,1970-10-02,England,England,,M,Midfielder,1,5.0,0.0,1.0,,3.0,1.0,,,,,,,,,,,,,,,,,,,,,,,,,,,,,,,,,,
142,137.0,Mick Quinn,Mick,Quinn,1969-12-17,England,England,,F,Forward,1,26.0,7.0,8.0,17.0,11.0,7.0,4.0,4.0,1.0,,,,,,,,,,,,,,,,,,,,,,,,,,,,,,,
283,272.0,Ray Ranson,Ray,Ranson,1960-06-12,England,England,,D,Defender,1,17.0,4.0,5.0,,6.0,6.0,4.0,1.0,,,,,,,,,,,,,,,,,,,,,,,,,,,,,,,,
444,426.0,Karl Ready,Karl,Ready,1972-08-14,England,England,,D,Defender,1,3.0,1.0,1.0,,1.0,1.0,,,,,,,,,,,,,,,,,,,,,,,,,,,,,,,,,,
262,3710.0,Jamie Redknapp,Jamie,Redknapp,1973-06-25,England,England,38.0,M,Midfielder,1,29.0,6.0,7.0,2.0,12.0,10.0,2.0,5.0,1.0,,,,,,,,,,,,,,,,,,,,,,,,,,,,,,,
422,405.0,Steve Redmond,Steve,Redmond,1967-02-11,England,England,,D,Defender,1,31.0,2.0,7.0,,14.0,10.0,3.0,3.0,,,,,,,,,,,,,,,,,,,,,,,,,,,,,,,,
61,59.0,Cyrille Regis,Cyrille,Regis,1958-02-09,England,England,,F,Forward,1,13.0,2.0,4.0,1.0,5.0,4.0,,3.0,,,,,,,,,,,,,,,,,,,,,,,,,,,,,,,,
301,514.0,Peter Reid,Peter,Reid,1956-06-20,England,England,,M,Midfielder,1,20.0,0.0,9.0,,7.0,4.0,1.0,2.0,,,,,,,,,,,,,,,,,,,,,,,,,,,,,,,,
124,118.0,David Rennie,David,Rennie,1964-08-29,Scotland,Scotland,,D,Defender,1,9.0,2.0,3.0,,5.0,1.0,1.0,,,,,,,,,,,,,,,,,,,,,,,,,,,,,,,,,
43,1748.0,Kevin Richardson,Kevin,Richardson,1962-12-04,England,England,,M,Midfielder,1,42.0,15.0,11.0,2.0,10.0,21.0,4.0,1.0,,,,,,,,,,,,,,,,,,,,,,,,,,,,,,,,
196,189.0,Paul Rideout,Paul,Rideout,1964-08-14,England,England,,F,Forward,1,24.0,1.0,5.0,3.0,10.0,9.0,,,1.0,,,,,,,,,,,,,,,,,,,,,,,,,,,,,,,
79,1991.0,Stuart Ripley,Stuart,Ripley,1967-11-20,England,England,,M,Midfielder,1,40.0,15.0,10.0,7.0,10.0,20.0,1.0,6.0,,,,,,,,,,,,,,,,,,,,,,,,,,,,,,,,
434,417.0,Andy Ritchie,Andy,Ritchie,1956-02-23,Scotland,Scotland,,F,Forward,1,12.0,0.0,2.0,3.0,5.0,5.0,1.0,3.0,,,,,,,,,,,,,,,,,,,,,,,,,,,,,,,,
442,27118.0,Tony Roberts,Tony,Roberts,1969-08-04,Wales,Wales,1.0,G,Goalkeeper,1,28.0,5.0,8.0,,9.0,11.0,,1.0,,,,,,,,,,,,,,,,,,,,,,,,,,,,,,,,
386,985.0,Mark Robins,Mark,Robins,1969-12-22,England,England,,F,Forward,1,37.0,5.0,7.0,14.0,12.0,18.0,2.0,6.0,,,,,,,,,,,,,,,,,,,,,,,,,,,,,,,,
573,553.0,Steve Robinson,Steve,Robinson,1974-12-10,Northern Ireland,Northern Ireland,,M,Midfielder,1,,,,,,,,,,,,,,,,,,,,,,,,,,,,,,,,,,,,,,,,
135,129.0,Stewart Robson,Stewart,Robson,1964-11-06,England,England,,M,Midfielder,1,15.0,4.0,5.0,,4.0,6.0,,2.0,,,,,,,,,,,,,,,,,,,,,,,,,,,,,,,,
237,42142.0,David Rocastle,David,Rocastle,1967-05-02,England,England,,M,Midfielder,1,18.0,2.0,5.0,1.0,8.0,5.0,1.0,1.0,,,,,,,,,,,,,,,,,,,,,,,,,,,,,,,,
160,41908.0,Simon Rodger,Simon,Rodger,1971-10-03,England,England,,M,Midfielder,1,23.0,7.0,8.0,2.0,7.0,8.0,,2.0,,,,,,,,,,,,,,,,,,,,,,,,,,,,,,,,
479,460.0,Paul Rogers,Paul,Rogers,1965-03-21,England,England,,M,Midfielder,1,27.0,6.0,8.0,3.0,10.0,9.0,2.0,1.0,,,,,,,,,,,,,,,,,,,,,,,,,,,,,,,,
504,1610.0,Roland Nilsson,Roland,Nilsson,1963-11-27,Sweden,Sweden,,D,Defender,1,32.0,4.0,11.0,1.0,11.0,10.0,,,,,,,,,,,,,,,,,,,,,,,,,,,,,,,,,,
412,396.0,Robert Rosario,Robert,Rosario,1966-03-04,England,England,,F,Forward,1,38.0,6.0,11.0,4.0,14.0,13.0,6.0,7.0,,,,,,,,,,,,,,,,,,,,,,,,,,,,,,,,
274,817.0,Ronnie Rosenthal,Ronnie,Rosenthal,1963-10-11,Israel,Israel,,F,Forward,1,27.0,1.0,4.0,6.0,11.0,12.0,,1.0,,,,,,,,,,,,,,,,,,,,,,,,,,,,,,,,
620,826.0,Keith Rowland,Keith,Rowland,1971-01-09,Northern Ireland,Northern Ireland,,D,Defender,1,2.0,0.0,1.0,,,1.0,,1.0,,,,,,,,,,,,,,,,,,,,,,,,,,,,,,,,
558,2011.0,Neil Ruddock,Neil,Ruddock,1968-05-09,England,England,,D,Defender,1,38.0,10.0,11.0,3.0,13.0,14.0,8.0,2.0,1.0,,,,,,,,,,,,,,,,2.0,,,,,,,,,,,,,,,
275,1723.0,Ian Rush,Ian,Rush,1961-10-20,Wales,Wales,,F,Forward,1,32.0,10.0,10.0,14.0,9.0,13.0,3.0,1.0,,,,,,,,,,,,,,,,,,,,,,,,,,,,,,,,
159,2325.0,John Salako,John,Salako,1969-02-11,Nigeria,England,,M,Midfielder,1,13.0,2.0,6.0,,6.0,1.0,,6.0,,,,,,,,,,,,,,,,,,,,,,,,,,,,,,,,
568,946.0,Vinny Samways,Vinny,Samways,1968-10-27,England,England,,M,Midfielder,1,34.0,8.0,9.0,,12.0,13.0,5.0,5.0,,,,,,,,,,,,,,,,,,,,,,,,,,,,,,,,
597,801.0,Lawrie Sanchez,Lawrie,Sanchez,1959-10-22,Northern Ireland,Northern Ireland,,M,Midfielder,1,27.0,7.0,7.0,4.0,11.0,9.0,8.0,3.0,,,,,,,,,,,,,,,,,,,,,,,,,,,,,,,,
178,171.0,Kenny Sansom,Kenny,Sansom,1958-09-26,England,England,,D,Defender,1,28.0,5.0,7.0,1.0,10.0,11.0,,3.0,,,,,,,,,,,,,,,,,,,,,,,,,,,,,,,,
60,2081.0,Dean Saunders,Dean,Saunders,1964-06-21,Wales,Wales,,F,Forward,1,41.0,13.0,10.0,14.0,10.0,21.0,2.0,3.0,,,,,,,,,,,,,,,,,,,,,,,,,,,,,,,,
586,2537.0,John Scales,John,Scales,1966-07-04,England,England,,D,Defender,1,32.0,11.0,8.0,1.0,12.0,12.0,1.0,2.0,,,,,,,,,,,,,,,,,,,,,,,,,,,,,,,,
307,143575.0,Peter Schmeichel,Peter,Schmeichel,1963-11-18,Denmark,Denmark,1.0,G,Goalkeeper,1,42.0,18.0,12.0,,6.0,24.0,,1.0,,1.0,1.0,1.0,1.0,,90.0,,,,,0.0,,,,0.0,,,,,,,,,,,,,,,,
336,324.0,Paul Scholes,Paul,Scholes,1974-11-16,England,England,22.0,M,Centre Central Midfielder,1,,,,,,,,,,,,,,,,,,,,,,,,,,,,,,,,,,,,,,,,
487,469.0,Andrew Scott,Andrew,Scott,1972-08-02,England,England,,F,Forward,1,2.0,0.0,1.0,1.0,,1.0,,,,,,,,,,,,,,,,,,,,,,,,,,,,,,,,,,
310,1062.0,Les Sealey,Les,Sealey,1957-09-29,England,England,,G,Goalkeeper,1,,,,,,,,,,,,,,,,,,,,,,,,,,,,,,,,,,,,,,,,
1,119183.0,David Seaman,David,Seaman,1963-09-19,England,England,,G,Goalkeeper,1,39.0,15.0,10.0,,14.0,15.0,,,,,,,,,,,,,,,,,,,1.0,,,,,,,,,,,,,,,
556,41880.0,Steve Sedgley,Steve,Sedgley,1968-05-26,England,England,14.0,D,Defender,1,22.0,3.0,7.0,3.0,9.0,6.0,2.0,3.0,,,,,,,,,,,,,,,,,,,,,,,,,,,,,,,,
582,1999.0,Hans Segers,Hans,Segers,1961-10-30,Netherlands,Netherlands,,G,Goalkeeper,1,41.0,13.0,11.0,,16.0,14.0,1.0,1.0,,,,,,,,,,,,,,,,,,,,,,,,,,,,,,,,
631,1149.0,Scott Sellars,Scott,Sellars,1965-11-27,England,England,,M,Midfielder,1,7.0,0.0,3.0,,2.0,2.0,,,,,,,,,,,,,,,,,,,,,,,,,,,,,,,,,,
20,27669.0,Ian Selley,Ian,Selley,1974-06-14,England,England,,M,Midfielder,1,9.0,3.0,3.0,,5.0,1.0,2.0,,,,,,,,,,,,,,,,,,,,,,,,,,,,,,,,,
232,146821.0,Kevin Sharp,Kevin,Sharp,1974-09-19,Canada,Canada,20.0,D,Defender,1,4.0,1.0,3.0,,1.0,,,,,,,,,,,,,,,,,,,,,,,,,,,,,,,,,,,
328,2074.0,Lee Sharpe,Lee,Sharpe,1971-05-27,England,England,,M,Midfielder,1,27.0,10.0,6.0,1.0,3.0,18.0,,9.0,,1.0,1.0,1.0,1.0,,90.0,,,,,0.0,,,,0.0,,,,,,,,,,,,,,,,
24,24.0,Paul Shaw,Paul,Shaw,1973-09-04,England,England,,M,Midfielder,1,,,,,,,,,,,,,,,,,,,,,,,,,,,,,,,,,,,,,,,,
89,1440.0,Alan Shearer,Alan,Shearer,1970-08-13,England,England,9.0,F,Forward,1,21.0,9.0,7.0,16.0,4.0,10.0,3.0,4.0,,,,,,,,,,,,,,,,,,,,,,,,,,,,,,,,
141,136.0,Tony Sheridan,Tony,Sheridan,1974-10-21,Ireland,Ireland,,F,Forward,1,1.0,0.0,1.0,,,,,,,,,,,,,,,,,,,,,,,,,,,,,,,,,,,,,
576,110022.0,Teddy Sheringham,Teddy,Sheringham,1966-04-02,England,England,,F,Centre Second Striker,1,41.0,10.0,9.0,22.0,15.0,17.0,1.0,9.0,,,,,,,,,,,,,,,,,,,,,,,,,,,,,,,,
305,42042.0,Mike Sheron,Mike,Sheron,1972-01-11,England,England,,F,Forward,1,38.0,7.0,11.0,11.0,13.0,14.0,,3.0,,,,,,,,,,,,,,,,,,,,,,,,,,,,,,,,
78,3336.0,Tim Sherwood,Tim,Sherwood,1969-02-06,England,England,,M,Midfielder,1,39.0,16.0,10.0,3.0,11.0,18.0,4.0,5.0,1.0,,,,,,,,,,,,,,,,,,,,,,,,,,,,,,,
116,4460.0,Neil Shipperley,Neil,Shipperley,1974-10-30,England,England,,F,Forward,1,3.0,0.0,,1.0,2.0,1.0,,1.0,,,,,,,,,,,,,,,,,,,,,,,,,,,,,,,,
653,1778.0,Peter Shirtliff,Peter,Shirtliff,1961-04-06,England,England,,D,Defender,1,20.0,4.0,4.0,,6.0,10.0,1.0,1.0,,,,,,,,,,,,,,,,,,,,,,,,,,,,,,,,
244,1096.0,Carl Shutt,Carl,Shutt,1961-10-10,England,England,,F,Forward,1,14.0,0.0,3.0,,5.0,6.0,,2.0,,,,,,,,,,,,,,,,,,,,,,,,,,,,,,,,
297,41974.0,Fitzroy Simpson,Fitzroy,Simpson,1970-02-26,England,Jamaica,,M,Midfielder,1,29.0,8.0,6.0,1.0,11.0,12.0,7.0,1.0,,,,,,,,,,,,,,,,,,,,,,,,,,,,,,,,
103,29322.0,Frank Sinclair,Frank,Sinclair,1971-12-03,Jamaica,Jamaica,15.0,D,Defender,1,32.0,9.0,11.0,,11.0,10.0,6.0,,1.0,,,,,,,,,,,,,,,,1.0,,,,,,,,,,,,,,,
161,155.0,Lee Sinnott,Lee,Sinnott,1965-07-12,England,England,,M,Midfielder,1,19.0,2.0,6.0,,10.0,3.0,1.0,,1.0,,,,,,,,,,,,,,,,,,,,,,,,,,,,,,,
456,1274.0,Andy Sinton,Andy,Sinton,1966-03-19,England,England,,M,Midfielder,1,36.0,7.0,11.0,7.0,10.0,15.0,1.0,9.0,,,,,,,,,,,,,,,,,,,,,,,,,,,,,,,,
593,571.0,Justin Skinner,Justin,Skinner,1969-01-30,England,England,,M,Midfielder,1,1.0,0.0,,,,1.0,,,,,,,,,,,,,,,,,,,,,,,,,,,,,,,,,,
636,631.0,Bernie Slaven,Bernie,Slaven,1960-11-13,Ireland,Ireland,,F,Forward,1,18.0,2.0,5.0,4.0,10.0,3.0,1.0,1.0,,,,,,,,,,,,,,,,,,,,,,,,,,,,,,,,
42,41800.0,Bryan Small,Bryan,Small,1971-11-15,England,England,19.0,D,Defender,1,14.0,2.0,4.0,,4.0,6.0,,1.0,,,,,,,,,,,,,,,,,,,,,,,,,,,,,,,,
26,26.0,Alan Smith,Alan,Smith,1962-11-21,England,England,,F,Forward,1,31.0,8.0,9.0,3.0,12.0,10.0,,3.0,,,,,,,,,,,,,,,,,,,,,,,,,,,,,,,,
189,41956.0,Ian Snodin,Ian,Snodin,1963-08-15,England,England,,M,Midfielder,1,20.0,2.0,3.0,1.0,9.0,8.0,5.0,3.0,,,,,,,,,,,,,,,,,,,,,,,,,,,,,,,,
172,2065.0,Neville Southall,Neville,Southall,1958-09-16,Wales,Wales,,G,Goalkeeper,1,40.0,11.0,7.0,,18.0,15.0,1.0,,2.0,,,,,,,,,,,,,,,,,,,,,,,,,,,,,,,
153,2732.0,Gareth Southgate,Gareth,Southgate,1970-09-03,England,England,6.0,D,Defender,1,33.0,6.0,15.0,3.0,10.0,8.0,1.0,4.0,,,,,,,,,,,,,,,,,,,,,,,,,,,,,,,,
95,42017.0,Nigel Spackman,Nigel,Spackman,1960-12-02,England,England,,M,Midfielder,1,6.0,2.0,1.0,,3.0,2.0,,,,,,,,,,,,,,,,,,,,,,,,,,,,,,,,,,
239,30153.0,Gary Speed,Gary,Speed,1969-09-08,Wales,Wales,15.0,M,Midfielder,1,39.0,11.0,12.0,7.0,15.0,12.0,3.0,2.0,,,,,,,,,,,,,,,,,,,,,,,,,,,,,,,,
541,522.0,David Speedie,David,Speedie,1960-02-20,Scotland,Scotland,,F,Forward,1,11.0,1.0,4.0,,5.0,2.0,2.0,,,,,,,,,,,,,,,,,,,,,,,,,,,,,,,,,
117,2033.0,John Spencer,John,Spencer,1970-09-11,Scotland,Scotland,,F,Forward,1,23.0,0.0,8.0,7.0,9.0,6.0,1.0,4.0,,,,,,,,,,,,,,,,,,,,,,,,,,,,,,,,
33,42069.0,Nigel Spink,Nigel,Spink,1958-08-08,England,England,,G,Goalkeeper,1,25.0,7.0,8.0,,5.0,12.0,,1.0,,,,,,,,,,,,,,,,,,,,,,,,,,,,,,,,
359,345.0,Phil Stamp,Phil,Stamp,1975-12-12,England,England,,M,Midfielder,1,,,,,,,,,,,,,,,,,,,,,,,,,,,,,,,,,,,,,,,,
41,39.0,Steve Staunton,Steve,Staunton,1969-01-19,Ireland,Ireland,,D,Defender,1,42.0,15.0,11.0,2.0,10.0,21.0,2.0,8.0,,,,,,,,,,,,,,,,,,,,,,,,,,,,,,,,
441,146517.0,Jan Stejskal,Jan,Stejskal,1962-01-15,Czech Republic,Czech Republic,,G,Goalkeeper,1,15.0,3.0,4.0,,5.0,6.0,,,,,,,,,,,,,,,,,,,,,,,,,,,,,,,,,,
633,624.0,Mel Sterland,Mel,Sterland,1961-09-01,England,England,,D,Defender,1,3.0,1.0,1.0,,1.0,1.0,,,,,,,,,,,,,,,,,,,,,,,,,,,,,,,,,,
276,1491.0,Paul Stewart,Paul,Stewart,1964-10-07,England,England,,F,Forward,1,24.0,5.0,6.0,1.0,11.0,7.0,4.0,2.0,,,,,,,,,,,,,,,,,,,,,,,,,,,,,,,,
216,208.0,Mick Stockwell,Mick,Stockwell,1965-02-14,England,England,,M,Midfielder,1,39.0,10.0,16.0,4.0,12.0,11.0,1.0,5.0,,,,,,,,,,,,,,,,,,,,,,,,,,,,,,,,
406,3337.0,Steve Stone,Steve,Stone,1971-08-20,England,England,,M,Midfielder,1,12.0,1.0,2.0,1.0,6.0,4.0,2.0,,,,,,,,,,,,,,,,,,,,,,,,,,,,,,,,,
242,925.0,Gordon Strachan,Gordon,Strachan,1957-02-09,Scotland,Scotland,,M,Midfielder,1,31.0,6.0,9.0,4.0,13.0,9.0,3.0,6.0,,,,,,,,,,,,,,,,,,,,,,,,,,,,,,,,
235,226.0,Frank Strandli,Frank,Strandli,1972-05-16,Norway,Norway,,M,Midfielder,1,10.0,1.0,4.0,2.0,3.0,3.0,3.0,1.0,,,,,,,,,,,,,,,,,,,,,,,,,,,,,,,,
111,3673.0,Graham Stuart,Graham,Stuart,1970-10-24,England,England,4.0,M,Midfielder,1,39.0,8.0,14.0,9.0,13.0,12.0,3.0,7.0,,,,,,,,,,,,,,,,,,,,,,,,,,,,,,,,
583,27204.0,Neil Sullivan,Neil,Sullivan,1970-02-24,Scotland,Scotland,1.0,G,Goalkeeper,1,1.0,0.0,1.0,,,,,,,,,,,,,,,,,,,,,,,,,,,,,,,,,,,,,
373,358.0,Daryl Sutch,Daryl,Sutch,1971-09-11,England,England,,D,Defender,1,22.0,1.0,6.0,2.0,7.0,9.0,,3.0,,,,,,,,,,,,,,,,,,,,,,,,,,,,,,,,
390,4120.0,Chris Sutton,Chris,Sutton,1973-03-10,England,England,20.0,F,Forward,1,38.0,11.0,9.0,8.0,10.0,19.0,5.0,1.0,,,,,,,,,,,,,,,,,,,,,,,,,,,,,,,,
594,572.0,Steve Talboys,Steve,Talboys,1966-09-18,England,England,,M,Midfielder,1,7.0,0.0,2.0,,2.0,3.0,,,,,,,,,,,,,,,,,,,,,,,,,,,,,,,,,,
66,63.0,Frank Talia,Frank,Talia,1972-07-20,Australia,Australia,,G,Goalkeeper,1,,,,,,,,,,,,,,,,,,,,,,,,,,,,,,,,,,,,,,,,
215,207.0,Adam Tanner,Adam,Tanner,1973-10-25,England,England,,M,Midfielder,1,,,,,,,,,,,,,,,,,,,,,,,,,,,,,,,,,,,,,,,,
39,42057.0,Shaun Teale,Shaun,Teale,1964-03-10,England,England,,D,Defender,1,39.0,14.0,11.0,1.0,9.0,19.0,7.0,,,,,,,,,,,,,,,,,,,,,,,,,,,,,,,,,
610,26143.0,Martin Thomas,Martin,Thomas,1959-11-28,Wales,Wales,,,,1,,,,,,,,,,,,,,,,,,,,,,,,,,,,,,,,,,,,,,,,
205,1779.0,Neil Thompson,Neil,Thompson,1963-10-02,England,England,,D,Defender,1,31.0,10.0,14.0,3.0,7.0,10.0,1.0,4.0,,,,,,,,,,,,,,,,,1.0,,,,,,,,,,,,,,,
148,1077.0,Andy Thorn,Andy,Thorn,1966-11-12,England,England,,F,Forward,1,34.0,8.0,11.0,1.0,13.0,10.0,4.0,2.0,1.0,,,,,,,,,,,,,,,,,,,,,,,,,,,,,,,
88,97827.0,Peter Thorne,Peter,Thorne,1973-06-21,England,England,10.0,F,Forward,1,,,,,,,,,,,,,,,,,,,,,,,,,,,,,,,,,,,,,,,,
545,525.0,Erik Thorstvedt,Erik,Thorstvedt,1962-10-28,Norway,Norway,,G,Goalkeeper,1,27.0,8.0,6.0,,9.0,12.0,,,,,,,,,,,,,,,,,,,,,,,,,,,,,,,,,,
397,1840.0,Carl Tiler,Carl,Tiler,1970-02-11,England,England,,D,Defender,1,37.0,8.0,10.0,,18.0,9.0,6.0,,,,,,,,,,,,,,,,,,,,,,,,,,,,,,,,,
241,232.0,Mark Tinkler,Mark,Tinkler,1974-10-24,England,England,,M,Midfielder,1,7.0,0.0,4.0,,2.0,1.0,,1.0,,,,,,,,,,,,,,,,,,,,,,,,,,,,,,,,
532,14634.0,Paul Tisdale,Paul,Tisdale,1973-01-14,Malta,England,17.0,M,Midfielder,1,,,,,,,,,,,,,,,,,,,,,,,,,,,,,,,,,,,,,,,,
356,178390.0,Andrew Todd,Andrew,Todd,1974-09-21,England,England,,D,Defender,1,,,,,,,,,,,,,,,,,,,,,,,,,,,,,,,,,,,,,,,,
438,421.0,Neil Tolson,Neil,Tolson,1973-10-25,England,England,,F,Forward,1,3.0,0.0,1.0,,2.0,,,,,,,,,,,,,,,,,,,,,,,,,,,,,,,,,,,
112,1935.0,Andy Townsend,Andy,Townsend,1963-07-23,Ireland,Ireland,,M,Midfielder,1,41.0,11.0,14.0,4.0,14.0,13.0,4.0,6.0,,,,,,,,,,,,,,,,,,,,,,,,,,,,,,,,
468,146833.0,Simon Tracey,Simon,Tracey,1967-12-09,England,England,24.0,G,Goalkeeper,1,10.0,2.0,2.0,,5.0,3.0,,,1.0,,,,,,,,,,,,,,,,,,,,,,,,,,,,,,,
411,1796.0,Nigel Clough,Nigel,Clough,1966-03-19,England,England,,M,Midfielder,1,42.0,8.0,10.0,10.0,22.0,10.0,2.0,2.0,,,,,,,,,,,,,,,,,,,,,,,,,,,,,,,,
537,518.0,Glenn Cockerill,Glenn,Cockerill,1959-08-25,England,England,,M,Midfielder,1,23.0,6.0,7.0,,10.0,6.0,2.0,1.0,,,,,,,,,,,,,,,,,,,,,,,,,,,,,,,,
152,1119.0,Chris Coleman,Chris,Coleman,1970-06-10,Wales,Wales,,D,Defender,1,38.0,8.0,15.0,5.0,13.0,10.0,1.0,4.0,,,,,,,,,,,,,,,,,,,,,,,,,,,,,,,,
94,176819.0,Nick Colgan,Nick,Colgan,1973-09-19,Ireland,Ireland,,G,Goalkeeper,1,,,,,,,,,,,,,,,,,,,,,,,,,,,,,,,,,,,,,,,,
347,333.0,Andy Collett,Andy,Collett,1973-10-28,England,England,,G,Goalkeeper,1,2.0,0.0,1.0,,,1.0,,,,,,,,,,,,,,,,,,,,,,,,,,,,,,,,,,
627,2531.0,Stan Collymore,Stan,Collymore,1971-01-22,England,England,,F,Forward,1,2.0,0.0,1.0,,1.0,,,,,,,,,,,,,,,,,,,,,,,,,,,,,,,,,,,
489,471.0,Alan Cork,Alan,Cork,1959-03-04,England,England,,F,Forward,1,27.0,0.0,5.0,2.0,14.0,8.0,,,,,,,,,,,,,,,,,,,,,,,,,,,,,,,,,,
279,1467.0,Tony Coton,Tony,Coton,1961-05-19,England,England,,G,Goalkeeper,1,40.0,11.0,11.0,,14.0,15.0,2.0,,,,,,,,,,,,,,,,,,,,,,,,,,,,,,,,,
193,1687.0,Tony Cottee,Tony,Cottee,1965-07-11,England,England,,F,Forward,1,26.0,5.0,4.0,12.0,13.0,9.0,3.0,1.0,,,,,,,,,,,,,,,,,,,,,,,,,,,,,,,,
605,583.0,Steve Cotterill,Steve,Cotterill,1964-07-20,England,England,,F,Forward,1,7.0,1.0,2.0,3.0,4.0,1.0,,1.0,,,,,,,,,,,,,,,,,,,,,,,,,,,,,,,,
474,41864.0,Tom Cowan,Tom,Cowan,1969-06-28,Scotland,Scotland,,D,Defender,1,21.0,6.0,6.0,,9.0,7.0,1.0,,,,,,,,,,,,,,,,,,,,,,,,,,,,,,,,,
84,42110.0,Gordon Cowans,Gordon,Cowans,1958-10-27,England,England,,M,Midfielder,1,24.0,10.0,4.0,1.0,7.0,13.0,1.0,4.0,,,,,,,,,,,,,,,,,,,,,,,,,,,,,,,,
40,2233.0,Neil Cox,Neil,Cox,1971-10-08,England,England,5.0,D,Defender,1,15.0,2.0,,1.0,3.0,12.0,1.0,1.0,,,,,,,,,,,,,,,,,,,,,,,,,,,,,,,,
449,431.0,Brian Croft,Brian,Croft,1967-09-27,England,England,,D,Defender,1,,,,,,,,,,,,,,,,,,,,,,,,,,,,,,,,,,,,,,,,
382,367.0,Ian Crook,Ian,Crook,1963-01-18,England,England,,M,Midfielder,1,34.0,9.0,7.0,3.0,10.0,17.0,,5.0,,,,,,,,,,,,,,,,,,,,,,,,,,,,,,,,
410,394.0,Gary Crosby,Gary,Crosby,1964-05-08,England,England,,M,Midfielder,1,23.0,5.0,6.0,1.0,13.0,4.0,,,,,,,,,,,,,,,,,,,,,,,,,,,,,,,,,,
394,26950.0,Mark Crossley,Mark,Crossley,1969-06-16,Wales,Wales,26.0,G,Goalkeeper,1,37.0,9.0,9.0,,19.0,9.0,,,,,,,,,,,,,,,,,,,1.0,,,,,,,,,,,,,,,
378,363.0,Ian Culverhouse,Ian,Culverhouse,1964-09-22,England,England,,D,Defender,1,41.0,11.0,8.0,,12.0,21.0,1.0,2.0,,,,,,,,,,,,,,,,,,,,,,,,,,,,,,,,
547,41877.0,Jason Cundy,Jason,Cundy,1969-11-12,England,England,,D,Defender,1,15.0,2.0,4.0,1.0,7.0,4.0,1.0,,,,,,,,,,,,,,,,,,,,,,,,,,,,,,,,,
387,41670.0,Jamie Cureton,Jamie,Cureton,1975-08-28,England,England,,F,Forward,1,,,,,,,,,,,,,,,,,,,,,,,,,,,,,,,,,,,,,,,,
282,42082.0,Keith Curle,Keith,Curle,1963-11-14,England,England,,D,Defender,1,39.0,9.0,11.0,3.0,15.0,13.0,5.0,,,,,,,,,,,,,,,,,,,,,,,,,,,,,,,,,
52,42089.0,Tony Daley,Tony,Daley,1967-10-18,England,England,,M,Midfielder,1,13.0,0.0,5.0,2.0,5.0,3.0,,,,,,,,,,,,,,,,,,,,,,,,,,,,,,,,,,
91,15180.0,Dave Beasant,Dave,Beasant,1959-03-20,England,England,39.0,G,Goalkeeper,1,17.0,4.0,7.0,,5.0,5.0,1.0,,,,,,,,,,,,,,,,,,,,,,,,,,,,,,,,,
333,42128.0,Simon Davies,Simon,Davies,1974-04-23,England,Wales,,M,Midfielder,1,,,,,,,,,,,,,,,,,,,,,,,,,,,,,,,,,,,,,,,,
21,21.0,Paul Davis,Paul,Davis,1961-12-09,England,England,,M,Midfielder,1,6.0,4.0,3.0,,,3.0,,1.0,,,,,,,,,,,,,,,,,,,,,,,,,,,,,,,,
632,623.0,Mervyn Day,Mervyn,Day,1955-06-26,England,England,,G,Goalkeeper,1,2.0,0.0,,,2.0,,,,,,,,,,,,,,,,,,,,,,,,,,,,,,,,,,,
488,2713.0,Brian Deane,Brian,Deane,1968-02-07,England,England,,F,Forward,1,41.0,11.0,10.0,15.0,17.0,14.0,6.0,10.0,,,,,,,,,,,,,,,,,,,,,,,,,,,,,,,,
546,526.0,Kevin Dearden,Kevin,Dearden,1970-03-08,England,England,,G,Goalkeeper,1,1.0,0.0,,,1.0,,,,,,,,,,,,,,,,,,,,,,,,,,,,,,,,,,,
280,42135.0,Andy Dibble,Andy,Dibble,1965-05-08,England,England,25.0,G,Goalkeeper,1,2.0,0.0,1.0,,1.0,,,,,,,,,,,,,,,,,,,,,,,,,,,,,,,,,,,
113,109.0,Alan Dickens,Alan,Dickens,1964-09-03,England,England,,M,Midfielder,1,,,,,,,,,,,,,,,,,,,,,,,,,,,,,,,,,,,,,,,,
65,62.0,Matt Dickins,Matt,Dickins,1970-09-03,England,England,,G,Goalkeeper,1,,,,,,,,,,,,,,,,,,,,,,,,,,,,,,,,,,,,,,,,
27,28435.0,Paul Dickov,Paul,Dickov,1972-11-01,Scotland,Scotland,,F,Forward,1,3.0,0.0,,2.0,1.0,2.0,,,,,,,,,,,,,,,,,,,,,,,,,,,,,,,,,,
635,25932.0,Fraser Digby,Fraser,Digby,1967-04-23,England,England,,,,1,,,,,,,,,,,,,,,,,,,,,,,,,,,,,,,,,,,,,,,,
13,13.0,Lee Dixon,Lee,Dixon,1964-03-17,England,England,,D,Defender,1,29.0,11.0,7.0,,10.0,12.0,4.0,3.0,,,,,,,,,,,,,,,,,,,,,,,,,,,,,,,,
585,563.0,Gerald Dobbs,Gerald,Dobbs,1971-01-24,England,England,,D,Defender,1,19.0,4.0,3.0,1.0,8.0,8.0,3.0,2.0,1.0,,,,,,,,,,,,,,,,,,,,,,,,,,,,,,,
69,42146.0,Tony Dobson,Tony,Dobson,1969-02-05,England,England,,D,Defender,1,18.0,8.0,7.0,,3.0,8.0,2.0,1.0,1.0,,,,,,,,,,,,,,,,,,,,,,,,,,,,,,,
528,508.0,Jason Dodd,Jason,Dodd,1970-11-02,England,England,2.0,D,Defender,1,30.0,6.0,6.0,1.0,14.0,10.0,,2.0,,2.0,1.0,2.0,2.0,,90.0,,,,,0.0,,,,0.0,,,,,,,,,,,,,,,,
100,96.0,Mal Donaghy,Mal,Donaghy,1957-09-13,Northern Ireland,Northern Ireland,,D,Defender,1,40.0,11.0,14.0,2.0,13.0,13.0,,1.0,,,,,,,,,,,,,,,,,,,,,,,,,,,,,,,,
163,157.0,Louie Donowa,Louie,Donowa,1964-09-24,England,England,,M,Midfielder,1,,,,,,,,,,,,,,,,,,,,,,,,,,,,,,,,,,,,,,,,
188,97147.0,John Doolan,John,Doolan,1974-05-07,England,England,,M,Midfielder,1,,,,,,,,,,,,,,,,,,,,,,,,,,,,,,,,,,,,,,,,
229,1884.0,Tony Dorigo,Tony,Dorigo,1965-12-31,Australia,England,,D,Defender,1,33.0,10.0,11.0,1.0,11.0,11.0,1.0,,,,,,,,,,,,,,,,,,,,,,,,,,,,,,,,,
538,1293.0,Iain Dowie,Iain,Dowie,1965-01-09,England,Northern Ireland,,F,Forward,1,36.0,8.0,7.0,11.0,17.0,12.0,8.0,5.0,,2.0,1.0,2.0,2.0,,90.0,,,,,0.0,,,,0.0,,,,,,,,,,,,,,,,
454,436.0,Maurice Doyle,Maurice,Doyle,1969-10-17,England,England,,M,Midfielder,1,5.0,0.0,2.0,,2.0,1.0,,,,,,,,,,,,,,,,,,,,,,,,,,,,,,,,,,
212,813.0,Jason Dozzell,Jason,Dozzell,1967-12-09,England,England,,M,Midfielder,1,41.0,11.0,16.0,7.0,13.0,12.0,3.0,9.0,,,,,,,,,,,,,,,,,,,,,,,,,,,,,,,,
338,1823.0,Dion Dublin,Dion,Dublin,1969-04-22,England,England,,F,Forward,1,7.0,2.0,1.0,1.0,3.0,3.0,1.0,,,,,,,,,,,,,,,,,,,,,,,,,,,,,,,,,
486,468.0,Peter Duffield,Peter,Duffield,1965-02-04,England,England,,F,Forward,1,,,,,,,,,,,,,,,,,,,,,,,,,,,,,,,,,,,,,,,,
577,557.0,Gordon Durie,Gordon,Durie,1965-12-06,Scotland,Scotland,,F,Forward,1,17.0,4.0,7.0,3.0,5.0,5.0,3.0,1.0,,,,,,,,,,,,,,,,,,,,,,,,,,,,,,,,
217,209.0,Lee Durrant,Lee,Durrant,1973-12-18,England,England,,M,Midfielder,1,,,,,,,,,,,,,,,,,,,,,,,,,,,,,,,,,,,,,,,,
384,2135.0,Darren Eadie,Darren,Eadie,1975-06-10,England,England,,M,Midfielder,1,,,,,,,,,,,,,,,,,,,,,,,,,,,,,,,,,,,,,,,,
598,576.0,Robbie Earle,Robbie,Earle,1965-01-27,Jamaica,Jamaica,,M,Midfielder,1,42.0,12.0,12.0,7.0,16.0,14.0,4.0,5.0,,,,,,,,,,,,,,,,,,,,,,,,,,,,,,,,
192,42012.0,John Ebbrell,John,Ebbrell,1969-10-01,England,England,,D,Defender,1,24.0,10.0,5.0,1.0,8.0,11.0,,2.0,,,,,,,,,,,,,,,,,,,,,,,,,,,,,,,,
290,279.0,Richard Edghill,Richard,Edghill,1974-09-23,England,England,,D,Defender,1,,,,,,,,,,,,,,,,,,,,,,,,,,,,,,,,,,,,,,,,
551,531.0,Justin Edinburgh,Justin,Edinburgh,1969-12-18,England,England,,D,Defender,1,32.0,9.0,9.0,,11.0,12.0,2.0,,,,,,,,,,,,,,,,,,,,,,,,,,,,,,,,,
625,611.0,Paul Edwards,Paul,Edwards,1963-12-25,England,England,,D,Left Full Back,1,,,,,,,,,,,,,,,,,,,,,,,,,,,,,,,,,,,,,,,,
35,2472.0,Ugo Ehiogu,Ugo,Ehiogu,1972-11-03,England,England,,D,Defender,1,4.0,0.0,2.0,,1.0,1.0,,1.0,,,,,,,,,,,,,,,,,,,,,,,,,,,,,,,,
389,1075.0,Efan Ekoku,Efan,Ekoku,1967-06-08,Nigeria,Nigeria,,F,Forward,1,4.0,0.0,1.0,3.0,2.0,1.0,,,,,,,,,,,,,,,,,,,,,,,,,,,,,,,,,,
596,574.0,Gary Elkins,Gary,Elkins,1966-05-04,England,England,,M,Midfielder,1,18.0,7.0,4.0,,7.0,7.0,4.0,1.0,,,,,,,,,,,,,,,,,,,,,,,,,,,,,,,,
97,93.0,Paul Elliott,Paul,Elliott,1964-03-18,England,England,,D,Defender,1,7.0,2.0,3.0,,2.0,2.0,1.0,1.0,,,,,,,,,,,,,,,,,,,,,,,,,,,,,,,,
234,1140.0,Chris Fairclough,Chris,Fairclough,1964-04-12,England,England,,D,Defender,1,30.0,7.0,8.0,3.0,11.0,11.0,2.0,2.0,,,,,,,,,,,,,,,,,,,,,,,,,,,,,,,,
49,47.0,David Farrell,David,Farrell,1971-11-11,England,England,,M,Midfielder,1,2.0,0.0,1.0,,,1.0,,,,,,,,,,,,,,,,,,,,,,,,,,,,,,,,,,
45,2617.0,Gareth Farrelly,Gareth,Farrelly,1975-08-28,Ireland,Ireland,,M,Midfielder,1,,,,,,,,,,,,,,,,,,,,,,,,,,,,,,,,,,,,,,,,
604,903.0,John Fashanu,John,Fashanu,1962-09-18,England,England,,F,Forward,1,29.0,8.0,9.0,6.0,10.0,10.0,3.0,2.0,1.0,,,,,,,,,,,,,,,,1.0,,,,,,,,,,,,,,,
592,570.0,Peter Fear,Peter,Fear,1973-09-10,England,England,,D,Defender,1,4.0,0.0,1.0,,1.0,2.0,,,,,,,,,,,,,,,,,,,,,,,,,,,,,,,,,,
57,1688.0,Graham Fenton,Graham,Fenton,1974-05-22,England,England,,F,Forward,1,,,,,,,,,,,,,,,,,,,,,,,,,,,,,,,,,,,,,,,,
550,798.0,Terry Fenwick,Terry,Fenwick,1959-11-17,England,England,,D,Defender,1,5.0,1.0,2.0,,3.0,,,,,,,,,,,,,,,,,,,,,,,,,,,,,,,,,,,
462,3754.0,Les Ferdinand,Les,Ferdinand,1966-12-08,England,England,,F,Forward,1,37.0,6.0,11.0,20.0,10.0,16.0,6.0,5.0,,,,,,,,,,,,,,,,,,,,,,,,,,,,,,,,
323,42086.0,Darren Ferguson,Darren,Ferguson,1972-02-09,Scotland,Scotland,,M,Midfielder,1,15.0,6.0,6.0,,4.0,5.0,2.0,,,,,,,,,,,,,,,,,,,,,,,,,,,,,,,,,
591,569.0,Scott Fitzgerald,Scott,Fitzgerald,1969-08-13,England,England,,D,Defender,1,20.0,4.0,7.0,,8.0,5.0,1.0,,,,,,,,,,,,,,,,,,,,,,,,,,,,,,,,,
16,16.0,Mark Flatts,Mark,Flatts,1972-10-14,England,England,,M,Midfielder,1,10.0,2.0,3.0,,6.0,1.0,,1.0,,,,,,,,,,,,,,,,,,,,,,,,,,,,,,,,
119,41947.0,Robert Fleck,Robert,Fleck,1965-08-11,Scotland,Scotland,,F,Forward,1,31.0,7.0,9.0,2.0,10.0,12.0,2.0,5.0,,,,,,,,,,,,,,,,,,,,,,,,,,,,,,,,
617,601.0,Terry Fleming,Terry,Fleming,1973-05-01,England,England,,M,Midfielder,1,11.0,1.0,2.0,,4.0,5.0,,1.0,,,,,,,,,,,,,,,,,,,,,,,,,,,,,,,,
300,1126.0,Garry Flitcroft,Garry,Flitcroft,1972-11-06,England,England,,M,Midfielder,1,32.0,9.0,9.0,5.0,13.0,10.0,3.0,1.0,,,,,,,,,,,,,,,,,1.0,,,,,,,,,,,,,,,
519,25995.0,Tim Flowers,Tim,Flowers,1967-02-03,England,England,,,,1,42.0,10.0,11.0,,18.0,13.0,1.0,1.0,,2.0,1.0,2.0,2.0,,90.0,,,,,0.0,,,,0.0,,,,,,,,,,,,,,,,
133,42037.0,Sean Flynn,Sean,Flynn,1968-03-13,England,England,,M,Midfielder,1,7.0,0.0,1.0,,5.0,1.0,,,,,,,,,,,,,,,,,,,,,,,,,,,,,,,,,,
200,1759.0,Craig Forrest,Craig,Forrest,1967-09-20,Canada,Canada,,G,Goalkeeper,1,11.0,2.0,7.0,,1.0,3.0,,,1.0,,,,,,,,,,,,,,,,,,,,,,,,,,,,,,,
247,42125.0,Jamie Forrester,Jamie,Forrester,1974-11-01,England,England,,F,Forward,1,6.0,1.0,3.0,,2.0,1.0,,3.0,,,,,,,,,,,,,,,,,,,,,,,,,,,,,,,,
289,41907.0,John Foster,John,Foster,1973-09-19,England,England,29.0,D,Defender,1,,,,,,,,,,,,,,,,,,,,,,,,,,,,,,,,,,,,,,,,
277,55008.0,Robbie Fowler,Robbie,Fowler,1975-04-09,England,England,27.0,F,Forward,1,,,,,,,,,,,,,,,,,,,,,,,,,,,,,,,,,,,,,,,,
388,1275.0,Ruel Fox,Ruel,Fox,1968-01-14,England,Montserrat,,F,Forward,1,34.0,9.0,8.0,4.0,11.0,15.0,,8.0,,,,,,,,,,,,,,,,,,,,,,,,,,,,,,,,
515,496.0,Trevor Francis,Trevor,Francis,1954-04-19,England,England,,F,Forward,1,5.0,0.0,1.0,,3.0,1.0,,,,,,,,,,,,,,,,,,,,,,,,,,,,,,,,,,
466,97141.0,Dougie Freedman,Dougie,Freedman,1974-05-25,Scotland,Scotland,16.0,F,Forward,1,,,,,,,,,,,,,,,,,,,,,,,,,,,,,,,,,,,,,,,,
46,1878.0,Stephen Froggatt,Stephen,Froggatt,1973-03-09,England,England,,M,Midfielder,1,17.0,3.0,4.0,1.0,3.0,10.0,1.0,5.0,,,,,,,,,,,,,,,,,,,,,,,,,,,,,,,,
472,453.0,Kevin Gage,Kevin,Gage,1964-04-21,England,England,,D,Defender,1,27.0,6.0,6.0,,12.0,9.0,2.0,,,,,,,,,,,,,,,,,,,,,,,,,,,,,,,,,
87,2176.0,Kevin Gallacher,Kevin,Gallacher,1966-11-23,Scotland,Scotland,,F,Forward,1,29.0,4.0,8.0,11.0,8.0,13.0,2.0,7.0,,,,,,,,,,,,,,,,,,,,,,,,,,,,,,,,
481,462.0,John Gannon,John,Gannon,1966-12-18,England,England,,M,Midfielder,1,27.0,4.0,7.0,1.0,12.0,8.0,3.0,2.0,,,,,,,,,,,,,,,,,,,,,,,,,,,,,,,,
321,309.0,Gary Neville,Gary,Neville,1975-02-18,England,England,2.0,D,Right Full Back,1,,,,,,,,,,,,,,,,,,,,,,,,,,,,,,,,,,,,,,,,
476,457.0,Brian Gayle,Brian,Gayle,1965-03-06,England,England,,D,Defender,1,31.0,10.0,8.0,2.0,12.0,11.0,5.0,3.0,,,,,,,,,,,,,,,,,,,,,,,,,,,,,,,,
401,1901.0,Scot Gemmill,Scot,Gemmill,1971-01-02,Scotland,Scotland,,M,Midfielder,1,33.0,8.0,8.0,1.0,17.0,8.0,1.0,5.0,,,,,,,,,,,,,,,,,,,,,,,,,,,,,,,,
416,177200.0,Paul Gerrard,Paul,Gerrard,1973-01-22,England,England,28.0,G,Goalkeeper,1,25.0,2.0,4.0,,12.0,9.0,,,,,,,,,,,,,,,,,,,,,,,,,,,,,,,,,,
608,586.0,Terry Gibson,Terry,Gibson,1962-12-23,England,England,,F,Forward,1,8.0,1.0,2.0,1.0,4.0,2.0,1.0,1.0,,,,,,,,,,,,,,,,,,,,,,,,,,,,,,,,
335,323.0,Ryan Giggs,Ryan,Giggs,1973-11-29,Wales,Wales,11.0,M,Left/Centre Central Midfielder,1,41.0,15.0,11.0,9.0,6.0,24.0,1.0,5.0,,1.0,1.0,1.0,1.0,,90.0,,,,,0.0,,,2.0,1.0,,2.0,2.0,2.0,2.0,2.0,2.0,2.0,2.0,2.0,,,,,,
639,98430.0,Phil Gilchrist,Phil,Gilchrist,1973-08-25,England,England,22.0,D,Defender,1,,,,,,,,,,,,,,,,,,,,,,,,,,,,,,,,,,,,,,,,
329,29676.0,Keith Gillespie,Keith,Gillespie,1975-02-18,Northern Ireland,Northern Ireland,,M,Midfielder,1,,,,,,,,,,,,,,,,,,,,,,,,,,,,,,,,,,,,,,,,
348,334.0,Jon Gittens,Jon,Gittens,1964-01-22,England,England,,D,Defender,1,13.0,1.0,4.0,,8.0,2.0,3.0,,,,,,,,,,,,,,,,,,,,,,,,,,,,,,,,,
145,139.0,Jimmy Glass,Jimmy,Glass,1973-08-01,England,England,,G,Goalkeeper,1,,,,,,,,,,,,,,,,,,,,,,,,,,,,,,,,,,,,,,,,
643,640.0,Lee Glover,Lee,Glover,1970-04-24,England,England,,F,Forward,1,14.0,1.0,3.0,,9.0,2.0,,,,,,,,,,,,,,,,,,,,,,,,,,,,,,,,,,
219,211.0,Paul Goddard,Paul,Goddard,1959-10-12,England,England,,F,Forward,1,25.0,2.0,12.0,3.0,8.0,5.0,,1.0,,,,,,,,,,,,,,,,,,,,,,,,,,,,,,,,
151,1932.0,Dean Gordon,Dean,Gordon,1973-02-10,England,England,,D,Defender,1,10.0,0.0,6.0,,4.0,,,1.0,,,,,,,,,,,,,,,,,,,,,,,,,,,,,,,,
383,368.0,Jeremy Goss,Jeremy,Goss,1965-05-11,Wales,Wales,,M,Midfielder,1,25.0,4.0,4.0,1.0,7.0,14.0,4.0,6.0,,,,,,,,,,,,,,,,,,,,,,,,,,,,,,,,
123,1166.0,Jonathan Gould,Jonathan,Gould,1968-07-18,Scotland,Scotland,,G,Goalkeeper,1,9.0,3.0,2.0,,4.0,3.0,,,,,,,,,,,,,,,,,,,,,,,,,,,,,,,,,,
180,41775.0,Gary Ablett,Gary,Ablett,1965-11-19,England,England,,D,Defender,1,40.0,9.0,7.0,,19.0,14.0,6.0,2.0,,,,,,,,,,,,,,,,,,,,,,,,,,,,,,,,
3,3.0,Tony Adams,Tony,Adams,1966-10-10,England,England,,D,Defender,1,35.0,13.0,8.0,,12.0,15.0,3.0,,,,,,,,,,,,,,,,,,,,,,,,,,,,,,,,,
611,1478.0,Steve Agnew,Steve,Agnew,1965-11-09,England,England,,M,Midfielder,1,,,,,,,,,,,,,,,,,,,,,,,,,,,,,,,,,,,,,,,,
526,506.0,Derek Allan,Derek,Allan,1974-12-24,Scotland,Scotland,,D,Defender,1,1.0,0.0,,,1.0,,,,,,,,,,,,,,,,,,,,,,,,,,,,,,,,,,,
463,445.0,Bradley Allen,Bradley,Allen,1971-09-13,England,England,,F,Forward,1,25.0,3.0,7.0,10.0,7.0,11.0,,4.0,,,,,,,,,,,,,,,,,,,,,,,,,,,,,,,,
615,598.0,Joe Allon,Joe,Allon,1966-11-12,England,England,,F,Forward,1,3.0,0.0,1.0,,2.0,,,,,,,,,,,,,,,,,,,,,,,,,,,,,,,,,,,
499,480.0,Viv Anderson,Viv,Anderson,1956-07-29,England,England,,D,Defender,1,26.0,5.0,7.0,3.0,9.0,10.0,3.0,,,,,,,,,,,,,,,,,,,,,,,,,,,,,,,,,
73,128045.0,Patrik Andersson,Patrik,Andersson,1971-08-18,Sweden,Sweden,4.0,D,Defender,1,11.0,2.0,4.0,,6.0,1.0,1.0,,,,,,,,,,,,,,,,,,,,,,,,,,,,,,,,,
566,3471.0,Darren Anderton,Darren,Anderton,1972-03-03,England,England,,M,Midfielder,1,34.0,4.0,8.0,6.0,14.0,12.0,,11.0,,,,,,,,,,,,,,,,,,,,,,,,,,,,,,,,
518,1680.0,Ian Andrews,Ian,Andrews,1964-12-01,England,England,,G,Goalkeeper,1,,,,,,,,,,,,,,,,,,,,,,,,,,,,,,,,,,,,,,,,
658,659.0,Steve Anthrobus,Steve,Anthrobus,1968-11-10,England,England,,F,Forward,1,5.0,1.0,2.0,,2.0,1.0,,,,,,,,,,,,,,,,,,,,,,,,,,,,,,,,,,
600,578.0,Neal Ardley,Neal,Ardley,1972-09-01,England,England,,M,Midfielder,1,26.0,8.0,5.0,4.0,8.0,13.0,2.0,7.0,,,,,,,,,,,,,,,,,,,,,,,,,,,,,,,,
167,2864.0,Chris Armstrong,Chris,Armstrong,1971-06-19,England,England,,F,Forward,1,35.0,10.0,11.0,15.0,13.0,11.0,3.0,2.0,1.0,,,,,,,,,,,,,,,,,,,,,,,,,,,,,,,
125,2311.0,Peter Atherton,Peter,Atherton,1970-04-06,England,England,2.0,D,Defender,1,39.0,10.0,13.0,,15.0,11.0,3.0,,,,,,,,,,,,,,,,,,,,,,,,,,,,,,,,,
83,42090.0,Mark Atkins,Mark,Atkins,1968-09-14,England,England,,M,Midfielder,1,31.0,9.0,6.0,5.0,10.0,15.0,1.0,3.0,,,,,,,,,,,,,,,,,,,,,,,,,,,,,,,,
62,41926.0,Dalian Atkinson,Dalian,Atkinson,1968-03-21,England,England,,F,Forward,1,28.0,8.0,9.0,11.0,6.0,13.0,1.0,4.0,,,,,,,,,,,,,,,,,,,,,,,,,,,,,,,,
555,535.0,Dean Austin,Dean,Austin,1970-04-26,England,England,,D,Defender,1,34.0,8.0,8.0,,11.0,15.0,5.0,1.0,,,,,,,,,,,,,,,,,,,,,,,,,,,,,,,,
128,3032.0,Phil Babb,Phil,Babb,1970-11-30,Ireland,Ireland,,D,Defender,1,34.0,8.0,10.0,,14.0,10.0,2.0,,,,,,,,,,,,,,,,,,,,,,,,,,,,,,,,,
461,443.0,Dennis Bailey,Dennis,Bailey,1965-11-13,England,England,,F,Forward,1,15.0,1.0,4.0,1.0,7.0,4.0,,1.0,,,,,,,,,,,,,,,,,,,,,,,,,,,,,,,,
199,191.0,Clive Baker,Clive,Baker,1959-03-14,England,England,,G,Goalkeeper,1,31.0,8.0,10.0,,13.0,8.0,,,,,,,,,,,,,,,,,,,,,,,,,,,,,,,,,,
539,520.0,Nicky Banger,Nicky,Banger,1971-02-25,England,England,,F,Forward,1,27.0,3.0,4.0,6.0,13.0,10.0,,4.0,,2.0,,2.0,2.0,,25.0,,,,,0.0,,,1.0,0.0,,1.0,1.0,1.0,,,,,1.0,1.0,1.0,1.0,1.0,,,
645,642.0,Gary Bannister,Gary,Bannister,1960-07-22,England,England,,M,Midfielder,1,31.0,6.0,7.0,8.0,15.0,9.0,1.0,2.0,,,,,,,,,,,,,,,,,,,,,,,,,,,,,,,,
447,429.0,David Bardsley,David,Bardsley,1964-09-11,England,England,,D,Defender,1,40.0,8.0,11.0,3.0,13.0,16.0,3.0,7.0,,,,,,,,,,,,,,,,,1.0,,,,,,,,,,,,,,,
460,442.0,Simon Barker,Simon,Barker,1964-11-04,England,England,,M,Midfielder,1,25.0,5.0,8.0,1.0,6.0,11.0,2.0,1.0,,,,,,,,,,,,,,,,,,,,,,,,,,,,,,,,
195,762.0,Stuart Barlow,Stuart,Barlow,1968-07-16,England,England,,F,Forward,1,26.0,1.0,4.0,5.0,13.0,9.0,,1.0,,,,,,,,,,,,,,,,,,,,,,,,,,,,,,,,
569,4977.0,Nick Barmby,Nick,Barmby,1974-02-11,England,England,18.0,M,Centre Central Midfielder,1,22.0,0.0,4.0,6.0,9.0,9.0,,3.0,,,,,,,,,,,,,,,,,,,,,,,,,,,,,,,,
98,1557.0,Darren Barnard,Darren,Barnard,1971-11-30,Germany,Wales,,D,Defender,1,13.0,2.0,3.0,1.0,4.0,6.0,,2.0,,,,,,,,,,,,,,,,,,,,,,,,,,,,,,,,
269,1848.0,John Barnes,John,Barnes,1963-11-07,Jamaica,England,,M,Midfielder,1,27.0,10.0,7.0,5.0,9.0,11.0,,6.0,,,,,,,,,,,,,,,,,,,,,,,,,,,,,,,,
104,28003.0,Anthony Barness,Anthony,Barness,1973-02-25,England,England,,D,Defender,1,2.0,0.0,,,2.0,,,,,,,,,,,,,,,,,,,,,,,,,,,,,,,,,,,
38,1725.0,Earl Barrett,Earl,Barrett,1967-04-28,England,England,,D,Defender,1,42.0,15.0,11.0,1.0,10.0,21.0,3.0,2.0,,,,,,,,,,,,,,,,,,,,,,,,,,,,,,,,
351,337.0,Michael Barron,Michael,Barron,1974-12-22,England,England,,D,Defender,1,,,,,,,,,,,,,,,,,,,,,,,,,,,,,,,,,,,,,,,,
509,2631.0,Chris Bart-Williams,Chris,Bart-Williams,1974-06-16,England,England,,M,Midfielder,1,34.0,2.0,12.0,6.0,11.0,11.0,,2.0,,,,,,,,,,,,,,,,,,,,,,,,,,,,,,,,
536,517.0,Neal Bartlett,Neal,Bartlett,1975-04-07,England,England,,M,Midfielder,1,1.0,0.0,,,1.0,,,,,,,,,,,,,,,,,,,,,,,,,,,,,,,,,,,
590,2644.0,Warren Barton,Warren,Barton,1969-03-19,England,England,2.0,D,Defender,1,23.0,4.0,8.0,2.0,10.0,5.0,2.0,,,,,,,,,,,,,,,,,,,,,,,,,,,,,,,,,
243,234.0,David Batty,David,Batty,1968-12-02,England,England,,M,Midfielder,1,30.0,9.0,14.0,1.0,8.0,8.0,6.0,2.0,,,,,,,,,,,,,,,,,,,,,,,,,,,,,,,,
187,25937.0,Peter Beagrie,Peter,Beagrie,1965-11-28,England,England,,,,1,22.0,0.0,5.0,3.0,10.0,7.0,2.0,,,,,,,,,,,,,,,,,,,,,,,,,,,,,,,,,
194,1600.0,Peter Beardsley,Peter,Beardsley,1961-01-18,England,England,,F,Forward,1,39.0,11.0,8.0,10.0,16.0,15.0,,7.0,,,,,,,,,,,,,,,,,,,,,,,,,,,,,,,,
334,322.0,Russell Beardsmore,Russell,Beardsmore,1968-09-28,England,England,,M,Midfielder,1,,,,,,,,,,,,,,,,,,,,,,,,,,,,,,,,,,,,,,,,
439,422.0,Darren Beckford,Darren,Beckford,1967-06-12,England,England,,F,Forward,1,15.0,1.0,4.0,4.0,4.0,7.0,1.0,1.0,,,,,,,,,,,,,,,,,,,,,,,,,,,,,,,,
331,113463.0,David Beckham,David,Beckham,1975-05-02,England,England,32.0,M,Centre/Right Central Midfielder,1,,,,,,,,,,,,,,,,,,,,,,,,,,,,,,,,,,,,,,,,
226,217.0,Mark Beeney,Mark,Beeney,1967-12-30,England,England,,G,Goalkeeper,1,1.0,0.0,1.0,,,,,,,,,,,,,,,,,,,,,,,,,,,,,,,,,,,,,
471,41897.0,Paul Beesley,Paul,Beesley,1965-07-21,England,England,,D,Defender,1,39.0,9.0,10.0,2.0,17.0,12.0,4.0,1.0,,,,,,,,,,,,,,,,,,,,,,,,,,,,,,,,
50,48.0,Stefan Beinlich,Stefan,Beinlich,1972-01-13,Germany,Germany,,M,Midfielder,1,7.0,0.0,,,3.0,4.0,,,,,,,,,,,,,,,,,,,,,,,,,,,,,,,,,,
327,315.0,Ben Thornley,Benjamin,Thornley,1975-04-21,England,England,,M,Midfielder,1,,,,,,,,,,,,,,,,,,,,,,,,,,,,,,,,,,,,,,,,
523,503.0,Francis Benali,Francis,Benali,1968-12-30,England,England,,D,Defender,1,33.0,6.0,9.0,,17.0,7.0,6.0,1.0,1.0,2.0,1.0,2.0,2.0,,90.0,,,,,0.0,,,,0.0,,,,,,,,,,,,,,,,
74,279141.0,Henning Berg,Henning,Berg,1969-09-01,Norway,Norway,,D,Defender,1,4.0,1.0,1.0,,1.0,2.0,,1.0,,,,,,,,,,,,,,,,,,,,,,,,,,,,,,,,
548,1142.0,Gudni Bergsson,Gudni,Bergsson,1965-07-21,Iceland,Iceland,,D,Defender,1,5.0,0.0,1.0,,2.0,2.0,,,,,,,,,,,,,,,,,,,,,,,,,,,,,,,,,,
431,414.0,Paul Bernard,Paul,Bernard,1972-12-30,Scotland,Scotland,,M,Midfielder,1,33.0,3.0,9.0,4.0,13.0,11.0,,2.0,,,,,,,,,,,,,,,,,,,,,,,,,,,,,,,,
606,584.0,Greg Berry,Greg,Berry,1971-03-05,England,England,,F,Forward,1,3.0,1.0,1.0,,1.0,1.0,,,,,,,,,,,,,,,,,,,,,,,,,,,,,,,,,,
621,607.0,Peter Billing,Peter,Billing,1964-10-24,England,England,,D,Defender,1,3.0,0.0,1.0,,2.0,,,,,,,,,,,,,,,,,,,,,,,,,,,,,,,,,,,
260,2580.0,Stig Inge Bjornebye,Stig Inge,Bjornebye,1969-12-11,Norway,Norway,,D,Defender,1,11.0,3.0,5.0,,5.0,1.0,,,,,,,,,,,,,,,,,,,,,,,,,,,,,,,,,,
408,146261.0,Kingsley Black,Kingsley,Black,1968-06-22,Northern Ireland,Northern Ireland,17.0,M,Midfielder,1,24.0,2.0,4.0,5.0,15.0,5.0,,2.0,,,,,,,,,,,,,,,,,,,,,,,,,,,,,,,,
325,1234.0,Clayton Blackmore,Clayton,Blackmore,1964-09-23,Wales,Wales,,M,Midfielder,1,14.0,5.0,6.0,,4.0,4.0,1.0,2.0,,,,,,,,,,,,,,,,,,,,,,,,,,,,,,,,
589,567.0,Dean Blackwell,Dean,Blackwell,1969-12-05,England,England,,D,Defender,1,24.0,5.0,8.0,,10.0,6.0,,,,,,,,,,,,,,,,,,,,,,,,,,,,,,,,,,
642,639.0,Paul Blades,Paul,Blades,1965-01-05,England,England,,D,Defender,1,,,,,,,,,,,,,,,,,,,,,,,,,,,,,,,,,,,,,,,,
44,982.0,Mark Blake,Mark,Blake,1970-12-16,England,England,,M,Midfielder,1,1.0,0.0,,,,1.0,,,,,,,,,,,,,,,,,,,,,,,,,,,,,,,,,,
400,42002.0,Steve Blatherwick,Steve,Blatherwick,1973-09-20,England,England,,D,Defender,1,,,,,,,,,,,,,,,,,,,,,,,,,,,,,,,,,,,,,,,,
403,42130.0,Bobby Howe,Stephen,Howe,1973-11-06,England,England,,M,Midfielder,1,,,,,,,,,,,,,,,,,,,,,,,,,,,,,,,,,,,,,,,,
53,1373.0,Chris Boden,Chris,Boden,1973-10-13,England,England,,M,Midfielder,1,,,,,,,,,,,,,,,,,,,,,,,,,,,,,,,,,,,,,,,,
136,95963.0,Willie Boland,Willie,Boland,1975-08-06,Ireland,Ireland,,M,Midfielder,1,1.0,0.0,,,1.0,,,,,,,,,,,,,,,,,,,,,,,,,,,,,,,,,,,
130,124.0,Brian Borrows,Brian,Borrows,1960-12-20,England,England,,D,Defender,1,38.0,10.0,13.0,2.0,15.0,10.0,1.0,1.0,,,,,,,,,,,,,,,,,,,,,,,,,,,,,,,,
32,2329.0,Mark Bosnich,Mark,Bosnich,1972-01-13,Australia,Australia,,G,Goalkeeper,1,17.0,8.0,3.0,,5.0,9.0,,,,,,,,,,,,,,,,,,,,,,,,,,,,,,,,,,
9,2192.0,Steve Bould,Steve,Bould,1962-11-16,England,England,,D,Defender,1,24.0,9.0,4.0,1.0,11.0,9.0,5.0,1.0,,,,,,,,,,,,,,,,,,,,,,,,,,,,,,,,
527,507.0,Matt Bound,Matt,Bound,1972-11-09,England,England,,D,Defender,1,3.0,0.0,2.0,,1.0,,,,,,,,,,,,,,,,,,,,,,,,,,,,,,,,,,,
376,1841.0,Mark Bowen,Mark,Bowen,1963-12-07,Wales,Wales,,D,Defender,1,42.0,11.0,9.0,1.0,12.0,21.0,,2.0,,,,,,,,,,,,,,,,,,,,,,,,,,,,,,,,
227,218.0,Rob Bowman,Rob,Bowman,1975-11-21,England,England,,D,Defender,1,4.0,2.0,1.0,,2.0,1.0,,,,,,,,,,,,,,,,,,,,,,,,,,,,,,,,,,
155,149.0,Bobby Bowry,Bobby,Bowry,1971-05-19,England,England,,M,Midfielder,1,11.0,2.0,2.0,1.0,3.0,6.0,,2.0,,,,,,,,,,,,,,,,,,,,,,,,,,,,,,,,
218,210.0,Vlado Bozinoski,Vlado,Bozinoski,1964-03-30,North Macedonia,North Macedonia,,M,Midfielder,1,9.0,1.0,3.0,,4.0,2.0,1.0,,,,,,,,,,,,,,,,,,,,,,,,,,,,,,,,,
478,1019.0,Carl Bradshaw,Carl,Bradshaw,1968-02-10,England,England,,M,Midfielder,1,32.0,6.0,9.0,1.0,14.0,9.0,5.0,2.0,1.0,,,,,,,,,,,,,,,,,,,,,,,,,,,,,,,
51,49.0,Matthias Breitkreutz,Matthias,Breitkreutz,1971-05-12,Germany,Germany,,M,Midfielder,1,3.0,0.0,1.0,,1.0,1.0,,,,,,,,,,,,,,,,,,,,,,,,,,,,,,,,,,
427,410.0,Mark Brennan,Mark,Brennan,1965-10-04,England,England,,M,Midfielder,1,14.0,1.0,2.0,3.0,7.0,5.0,3.0,4.0,,,,,,,,,,,,,,,,,,,,,,,,,,,,,,,,
445,3102.0,Rufus Brevett,Rufus,Brevett,1969-09-24,England,England,,D,Defender,1,15.0,3.0,6.0,,5.0,4.0,,,,,,,,,,,,,,,,,,,1.0,,,,,,,,,,,,,,,
513,2028.0,Mark Bright,Mark,Bright,1962-06-06,England,England,,F,Forward,1,35.0,7.0,11.0,12.0,13.0,11.0,3.0,2.0,,,,,,,,,,,,,,,,,,,,,,,,,,,,,,,,
285,1875.0,Ian Brightwell,Ian,Brightwell,1968-04-09,England,England,,D,Defender,1,21.0,6.0,6.0,1.0,7.0,8.0,,4.0,,,,,,,,,,,,,,,,,1.0,,,,,,,,,,,,,,,
76,73.0,Richard Brown,Richard,Brown,1967-01-13,England,England,,M,Midfielder,1,2.0,1.0,,,,2.0,,,,,,,,,,,,,,,,,,,,,,,,,,,,,,,,,,
319,41779.0,Steve Bruce,Steve,Bruce,1960-12-31,England,England,,D,Defender,1,42.0,17.0,12.0,5.0,6.0,24.0,6.0,3.0,,1.0,1.0,1.0,1.0,,90.0,,,,,0.0,,,,0.0,,,,,,,,,,,,,,,,
457,439.0,Marvin Bryan,Marvin,Bryan,1975-08-02,England,England,,M,Midfielder,1,,,,,,,,,,,,,,,,,,,,,,,,,,,,,,,,,,,,,,,,
473,454.0,Ian Bryson,Ian,Bryson,1962-11-26,Scotland,Scotland,,D,Defender,1,16.0,2.0,2.0,3.0,9.0,5.0,,,,,,,,,,,,,,,,,,,,,,,,,,,,,,,,,,
109,2110.0,Craig Burley,Craig,Burley,1971-09-24,Scotland,Scotland,,M,Midfielder,1,3.0,0.0,1.0,,1.0,1.0,,,,,,,,,,,,,,,,,,,,,,,,,,,,,,,,,,
82,41869.0,Wayne Burnett,Wayne,Burnett,1971-09-04,England,England,,M,Midfielder,1,,,,,,,,,,,,,,,,,,,,,,,,,,,,,,,,,,,,,,,,
256,919.0,David Burrows,David,Burrows,1968-10-25,England,England,,D,Defender,1,30.0,8.0,6.0,2.0,10.0,14.0,3.0,2.0,,,,,,,,,,,,,,,,,,,,,,,,,,,,,,,,
127,121.0,David Busst,David,Busst,1967-06-30,Scotland,Scotland,,D,Defender,1,10.0,3.0,2.0,,5.0,3.0,,,,,,,,,,,,,,,,,,,,,,,,,,,,,,,,,,
332,3805.0,Nicky Butt,Nicky,Butt,1975-01-21,England,England,20.0,M,Midfielder,1,1.0,0.0,,,,1.0,,,,,,,,,,,,,,,,,,,,,,,,,,,,,,,,,,
379,364.0,Ian Butterworth,Ian,Butterworth,1964-01-25,England,England,,D,Defender,1,26.0,2.0,3.0,1.0,8.0,15.0,1.0,,,,,,,,,,,,,,,,,,,,,,,,,,,,,,,,,
25,3744.0,Kevin Campbell,Kevin,Campbell,1970-02-04,England,England,,F,Forward,1,37.0,13.0,9.0,4.0,13.0,15.0,,4.0,,,,,,,,,,,,,,,,,,,,,,,,,,,,,,,,
342,330.0,Eric Cantona,Eric,Cantona,1966-05-24,France,France,7.0,F,Forward,1,35.0,10.0,11.0,15.0,5.0,19.0,3.0,16.0,,1.0,1.0,1.0,1.0,1.0,90.0,1.0,1.0,,,0.0,1.0,1.0,1.0,0.0,,,,,,,,,,,,,,1.0,1.0,
311,973.0,Brian Carey,Brian,Carey,1968-05-31,Ireland,Ireland,,D,Defender,1,,,,,,,,,,,,,,,,,,,,,,,,,,,,,,,,,,,,,,,,
491,1783.0,Franz Carr,Franz,Carr,1966-09-24,England,England,,F,Forward,1,8.0,2.0,,3.0,4.0,4.0,1.0,1.0,,,,,,,,,,,,,,,,,,,,,,,,,,,,,,,,
55,42157.0,Martin Carruthers,Martin,Carruthers,1972-08-07,England,England,,F,Forward,1,1.0,0.0,,,1.0,,,,,,,,,,,,,,,,,,,,,,,,,,,,,,,,,,,
15,41973.0,Jimmy Carter,Jimmy,Carter,1965-11-09,England,England,,M,Midfielder,1,16.0,0.0,5.0,2.0,7.0,4.0,,,,,,,,,,,,,,,,,,,,,,,,,,,,,,,,,,
115,111.0,Tony Cascarino,Tony,Cascarino,1962-09-01,Ireland,Ireland,,F,Forward,1,9.0,1.0,4.0,2.0,2.0,3.0,,3.0,1.0,,,,,,,,,,,,,,,,,,,,,,,,,,,,,,,
565,16612.0,Darren Caskey,Darren,Caskey,1974-08-21,England,England,20.0,M,Midfielder,1,,,,,,,,,,,,,,,,,,,,,,,,,,,,,,,,,,,,,,,,
318,306.0,Chris Casper,Chris,Casper,1975-04-28,England,England,,D,Defender,1,,,,,,,,,,,,,,,,,,,,,,,,,,,,,,,,,,,,,,,,
616,2226.0,Alec Chamberlain,Alec,Chamberlain,1964-06-20,England,England,,G,Goalkeeper,1,,,,,,,,,,,,,,,,,,,,,,,,,,,,,,,,,,,,,,,,
649,647.0,Justin Channing,Justin,Channing,1968-11-19,England,England,,D,Defender,1,2.0,0.0,1.0,1.0,,1.0,,,,,,,,,,,,,,,,,,,,,,,,,,,,,,,,,,
246,26053.0,Lee Chapman,Lee,Chapman,1959-12-05,England,England,,,,1,40.0,7.0,15.0,15.0,14.0,11.0,2.0,2.0,,,,,,,,,,,,,,,,,,,,,,,,,,,,,,,,
396,2256.0,Gary Charles,Gary,Charles,1970-04-13,England,England,,D,Defender,1,14.0,3.0,3.0,,7.0,4.0,1.0,,1.0,,,,,,,,,,,,,,,,,,,,,,,,,,,,,,,
265,146017.0,Phil Charnock,Phil,Charnock,1975-02-14,England,England,18.0,M,Midfielder,1,,,,,,,,,,,,,,,,,,,,,,,,,,,,,,,,,,,,,,,,
398,146249.0,Steve Chettle,Steve,Chettle,1968-09-27,England,England,5.0,D,Defender,1,30.0,6.0,5.0,,18.0,7.0,,,,,,,,,,,,,,,,,,,,,,,,,,,,,,,,,,
105,101.0,Steve Clarke,Steve,Clarke,1963-08-29,Scotland,Scotland,,D,Defender,1,20.0,3.0,8.0,,6.0,6.0,,2.0,,,,,,,,,,,,,,,,,1.0,,,,,,,,,,,,,,,
530,1937.0,Neil Maddison,Neil,Maddison,1969-10-02,England,England,,M,Midfielder,1,37.0,9.0,9.0,4.0,15.0,13.0,,2.0,,2.0,1.0,2.0,2.0,,90.0,,,,,0.0,,,,0.0,,,,,,,,,,,,,,,,
443,425.0,Danny Maddix,Danny,Maddix,1967-10-11,England,England,,D,Defender,1,14.0,1.0,5.0,,4.0,5.0,1.0,1.0,,,,,,,,,,,,,,,,,,,,,,,,,,,,,,,,
85,41868.0,Lee Makel,Lee,Makel,1973-01-11,England,England,,M,Midfielder,1,1.0,0.0,1.0,,,,,,,,,,,,,,,,,,,,,,,,,,,,,,,,,,,,,
424,2386.0,Chris Makin,Chris,Makin,1973-05-08,England,England,15.0,D,Defender,1,,,,,,,,,,,,,,,,,,,,,,,,,,,,,,,,,,,,,,,,
281,270.0,Martyn Margetson,Martyn,Margetson,1971-09-08,Wales,Wales,,G,Goalkeeper,1,1.0,0.0,,,1.0,,,,,,,,,,,,,,,,,,,,,,,,,,,,,,,,,,,
68,65.0,Nicky Marker,Nicky,Marker,1965-05-03,England,England,,D,Defender,1,15.0,3.0,1.0,,6.0,8.0,1.0,,,,,,,,,,,,,,,,,,,,,,,,,,,,,,,,,
393,29736.0,Andy Marriott,Andy,Marriott,1970-10-11,England,Wales,28.0,G,Goalkeeper,1,5.0,0.0,1.0,,3.0,1.0,,,,,,,,,,,,,,,,,,,,,,,,,,,,,,,,,,
264,42027.0,Mike Marsh,Mike,Marsh,1969-07-21,England,England,,M,Midfielder,1,28.0,4.0,9.0,1.0,11.0,8.0,1.0,3.0,,,,,,,,,,,,,,,,,,,,,,,,,,,,,,,,
10,2043.0,Scott Marshall,Scott,Marshall,1973-05-01,Scotland,Scotland,,D,Defender,1,2.0,0.0,,,2.0,,,,,,,,,,,,,,,,,,,,,,,,,,,,,,,,,,,
316,1303.0,Lee Martin,Lee,Martin,1968-02-05,England,England,,D,Defender,1,,,,,,,,,,,,,,,,,,,,,,,,,,,,,,,,,,,,,,,,
146,3209.0,Nigel Martyn,Nigel,Martyn,1966-08-11,England,England,25.0,G,Goalkeeper,1,42.0,11.0,16.0,,15.0,11.0,2.0,,,,,,,,,,,,,,,,,,,,,,,,,,,,,,,,,
157,151.0,Stuart Massey,Stuart,Massey,1964-11-17,England,England,,M,Midfielder,1,1.0,0.0,,,1.0,,,,,,,,,,,,,,,,,,,,,,,,,,,,,,,,,,,
259,5078.0,Dominic Matteo,Dominic,Matteo,1974-04-28,Scotland,Scotland,,D,Defender,1,,,,,,,,,,,,,,,,,,,,,,,,,,,,,,,,,,,,,,,,
114,936.0,Damien Matthew,Damien,Matthew,1970-09-23,England,England,,M,Midfielder,1,4.0,0.0,1.0,,1.0,2.0,,,,,,,,,,,,,,,,,,,,,,,,,,,,,,,,,,
67,1004.0,David May,David,May,1970-06-24,England,England,,D,Defender,1,34.0,17.0,11.0,1.0,7.0,16.0,6.0,3.0,,,,,,,,,,,,,,,,,1.0,,,,,,,,,,,,,,,
238,2428.0,Gary McAllister,Gary,McAllister,1964-12-25,Scotland,Scotland,,M,Midfielder,1,32.0,7.0,10.0,5.0,13.0,9.0,,5.0,,,,,,,,,,,,,,,,,1.0,,,,,,,,,,,,,,,
58,799.0,Frank McAvennie,Frank,McAvennie,1959-11-22,Scotland,Scotland,,M,Midfielder,1,3.0,0.0,1.0,,1.0,1.0,,1.0,,,,,,,,,,,,,,,,,,,,,,,,,,,,,,,,
450,432.0,Alan McCarthy,Alan,McCarthy,1972-01-11,England,England,,D,Defender,1,,,,,,,,,,,,,,,,,,,,,,,,,,,,,,,,,,,,,,,,
337,146130.0,Brian McClair,Brian,McClair,1963-12-08,Scotland,Scotland,13.0,F,Forward,1,42.0,17.0,12.0,9.0,6.0,24.0,,6.0,,1.0,1.0,1.0,1.0,,90.0,,,,,0.0,,,,0.0,,,,,,,,,,,,,,,,
421,404.0,Neil McDonald,Neil,McDonald,1965-11-02,England,England,,D,Defender,1,4.0,0.0,1.0,,3.0,,,,,,,,,,,,,,,,,,,,,,,,,,,,,,,,,,,
602,580.0,Paul McGee,Paul,McGee,1968-05-17,Ireland,Ireland,,F,Forward,1,3.0,0.0,2.0,,1.0,,,,,,,,,,,,,,,,,,,,,,,,,,,,,,,,,,,
314,302.0,Pat McGibbon,Pat,McGibbon,1973-09-06,Northern Ireland,Northern Ireland,,D,Defender,1,,,,,,,,,,,,,,,,,,,,,,,,,,,,,,,,,,,,,,,,
156,41912.0,Eddie McGoldrick,Eddie,McGoldrick,1965-04-30,England,Ireland,,M,Midfielder,1,42.0,10.0,16.0,8.0,15.0,11.0,4.0,4.0,,,,,,,,,,,,,,,,,,,,,,,,,,,,,,,,
5,5.0,Gavin McGowan,Gavin,McGowan,1976-01-16,England,England,,D,Defender,1,2.0,0.0,,,2.0,,,,,,,,,,,,,,,,,,,,,,,,,,,,,,,,,,,
37,1362.0,Paul McGrath,Paul,McGrath,1959-12-04,Ireland,Ireland,,D,Defender,1,42.0,15.0,11.0,4.0,10.0,21.0,1.0,2.0,,,,,,,,,,,,,,,,,1.0,,,,,,,,,,,,,,,
413,397.0,Paul McGregor,Paul,McGregor,1974-12-17,England,England,,F,Forward,1,,,,,,,,,,,,,,,,,,,,,,,,,,,,,,,,,,,,,,,,
340,328.0,Colin McKee,Colin,McKee,1973-08-22,Scotland,Scotland,,F,Forward,1,,,,,,,,,,,,,,,,,,,,,,,,,,,,,,,,,,,,,,,,
646,643.0,Ray McKinnon,Ray,McKinnon,1970-08-05,Scotland,Scotland,,D,Defender,1,6.0,1.0,3.0,1.0,3.0,,,,,,,,,,,,,,,,,,,,,,,,,,,,,,,,,,,
652,658.0,Alan McLeary,Alan,McLeary,1964-06-10,England,England,,D,Defender,1,7.0,1.0,2.0,,3.0,2.0,,,,,,,,,,,,,,,,,,,,,,,,,,,,,,,,,,
294,42048.0,Steve McMahon,Steve,McMahon,1961-08-20,England,England,,M,Midfielder,1,27.0,7.0,8.0,1.0,7.0,12.0,7.0,,,,,,,,,,,,,,,,,,,,,,,,,,,,,,,,,
271,3287.0,Steve McManaman,Steve,McManaman,1972-02-11,England,England,,M,Midfielder,1,31.0,8.0,9.0,4.0,9.0,13.0,,6.0,,,,,,,,,,,,,,,,,,,,,,,,,,,,,,,,
459,41404.0,Michael Meaker,Michael,Meaker,1971-08-18,Wales,Wales,17.0,M,Midfielder,1,3.0,0.0,,,2.0,1.0,1.0,1.0,,,,,,,,,,,,,,,,,,,,,,,,,,,,,,,,
377,362.0,Gary Megson,Gary,Megson,1959-05-02,England,England,,D,Defender,1,23.0,6.0,3.0,1.0,7.0,13.0,2.0,,,,,,,,,,,,,,,,,,,,,,,,,,,,,,,,,
23,128586.0,Paul Merson,Paul,Merson,1968-03-20,England,England,9.0,M,Centre Central Midfielder,1,33.0,9.0,7.0,6.0,11.0,15.0,2.0,6.0,,,,,,,,,,,,,,,,,,,,,,,,,,,,,,,,
612,1462.0,Mickey Evans,Michael,Evans,1973-01-01,England,Ireland,,F,Forward,1,,,,,,,,,,,,,,,,,,,,,,,,,,,,,,,,,,,,,,,,
623,609.0,Craig Middleton,Craig,Middleton,1970-09-10,England,England,,F,Forward,1,1.0,0.0,,,1.0,,,,,,,,,,,,,,,,,,,,,,,,,,,,,,,,,,,
303,292.0,Adie Mike,Adie,Mike,1973-11-16,England,England,,F,Forward,1,3.0,0.0,,,3.0,,,,,,,,,,,,,,,,,,,,,,,,,,,,,,,,,,,
2,25908.0,Alan Miller,Alan,Miller,1970-03-29,England,England,,,,1,4.0,1.0,1.0,,3.0,,,,,,,,,,,,,,,,,,,,,,,,,,,,,,,,,,,
429,1021.0,Mike Milligan,Mike,Milligan,1967-02-20,England,England,,M,Midfielder,1,42.0,3.0,10.0,3.0,19.0,13.0,3.0,1.0,,,,,,,,,,,,,,,,,,,,,,,,,,,,,,,,
211,203.0,Simon Milton,Simon,Milton,1963-08-23,England,England,,M,Midfielder,1,12.0,0.0,5.0,2.0,4.0,3.0,2.0,,,,,,,,,,,,,,,,,,,,,,,,,,,,,,,,,
64,42123.0,Bobby Mimms,Bobby,Mimms,1963-10-12,England,England,,G,Goalkeeper,1,42.0,19.0,11.0,,11.0,20.0,,,,,,,,,,,,,,,,,,,,,,,,,,,,,,,,,,
374,359.0,Jason Minett,Jason,Minett,1971-08-12,England,England,,D,Defender,1,1.0,0.0,,,1.0,,,,,,,,,,,,,,,,,,,,,,,,,,,,,,,,,,,
350,1088.0,Nicky Mohan,Nicky,Mohan,1970-10-06,England,England,,D,Defender,1,18.0,2.0,4.0,2.0,11.0,3.0,4.0,,,,,,,,,,,,,,,,,,,,,,,,,,,,,,,,,
522,502.0,Kenneth Monkou,Kenneth,Monkou,1964-11-29,Suriname,Netherlands,,D,Defender,1,33.0,8.0,7.0,1.0,15.0,11.0,4.0,1.0,,2.0,1.0,2.0,2.0,,90.0,,,,,0.0,,,,0.0,,,,,,,,,,,,,,,,
540,521.0,Paul Moody,Paul,Moody,1967-06-13,England,England,,F,Forward,1,3.0,0.0,2.0,,1.0,,1.0,,,,,,,,,,,,,,,,,,,,,,,,,,,,,,,,,
176,41936.0,Neil Moore,Neil,Moore,1972-09-21,England,England,,D,Defender,1,1.0,0.0,,,1.0,,,,,,,,,,,,,,,,,,,,,,,,,,,,,,,,,,,
71,68.0,Kevin Moran,Kevin,Moran,1956-04-29,Ireland,Ireland,,D,Defender,1,36.0,15.0,11.0,4.0,7.0,18.0,4.0,,,,,,,,,,,,,,,,,,,,,,,,,,,,,,,,,
361,347.0,Chris Morris,Chris,Morris,1963-12-24,Ireland,Ireland,,M,Midfielder,1,25.0,5.0,6.0,1.0,11.0,8.0,3.0,,,,,,,,,,,,,,,,,,1.0,,,,,,,,,,,,,,,
7,41983.0,Steve Morrow,Steve,Morrow,1970-07-02,Northern Ireland,Northern Ireland,3.0,D,Defender,1,16.0,5.0,1.0,,8.0,7.0,,,,,,,,,,,,,,,,,,,,,,,,,,,,,,,,,,
158,41833.0,Paul Mortimer,Paul,Mortimer,1968-05-08,England,England,16.0,M,Midfielder,1,1.0,0.0,1.0,,,,,,,,,,,,,,,,,,,,,,,,,,,,,,,,,,,,,
435,418.0,Paul Moulden,Paul,Moulden,1967-09-06,England,England,,F,Forward,1,4.0,0.0,1.0,,3.0,,,,,,,,,,,,,,,,,,,,,,,,,,,,,,,,,,,
363,3119.0,Robbie Mustoe,Robbie,Mustoe,1968-08-28,England,England,,M,Midfielder,1,23.0,4.0,6.0,1.0,10.0,7.0,1.0,1.0,,,,,,,,,,,,,,,,,,,,,,,,,,,,,,,,
102,2070.0,Andy Myers,Andy,Myers,1973-11-03,England,England,3.0,D,Defender,1,3.0,1.0,2.0,,1.0,,,,,,,,,,,,,,,,,,,,,,,,,,,,,,,,,,,
267,257.0,Jan Mlby,Jan,Mlby,1963-07-04,Denmark,Denmark,,M,Midfielder,1,10.0,0.0,4.0,3.0,4.0,2.0,,3.0,,,,,,,,,,,,,,,,,,,,,,,,,,,,,,,,
574,554.0,Nayim,Mohamed,Nayim,1966-11-05,Spain,Spain,,M,Midfielder,1,18.0,6.0,5.0,3.0,5.0,8.0,,1.0,,,,,,,,,,,,,,,,,,,,,,,,,,,,,,,,
168,3419.0,George Ndah,George,Ndah,1974-12-23,England,England,18.0,F,Forward,1,13.0,1.0,5.0,,6.0,2.0,,,,,,,,,,,,,,,,,,,,,,,,,,,,,,,,,,
143,138.0,Peter Ndlovu,Peter,Ndlovu,1973-02-25,Zimbabwe,Zimbabwe,,F,Forward,1,32.0,7.0,10.0,7.0,11.0,11.0,,3.0,,,,,,,,,,,,,,,,,,,,,,,,,,,,,,,,
554,534.0,Stuart Nethercott,Stuart,Nethercott,1973-03-21,England,England,,D,Defender,1,5.0,0.0,2.0,,2.0,1.0,1.0,,,,,,,,,,,,,,,,,,,,,,,,,,,,,,,,,
86,41826.0,Mike Newell,Mike,Newell,1965-01-27,England,England,,F,Forward,1,40.0,18.0,10.0,13.0,11.0,19.0,2.0,5.0,1.0,,,,,,,,,,,,,,,,,,,,,,,,,,,,,,,
601,579.0,Aidan Newhouse,Aidan,Newhouse,1972-05-23,England,England,,F,Forward,1,1.0,0.0,,1.0,1.0,,,,,,,,,,,,,,,,,,,,,,,,,,,,,,,,,,,
162,156.0,Ricky Newman,Ricky,Newman,1970-08-05,England,England,,M,Midfielder,1,2.0,0.0,,,2.0,,,,,,,,,,,,,,,,,,,,,,,,,,,,,,,,,,,
231,1261.0,Jon Newsome,Jon,Newsome,1970-09-06,England,England,,D,Defender,1,37.0,6.0,14.0,,13.0,10.0,2.0,,,,,,,,,,,,,,,,,,,,,,,,,,,,,,,,,
110,106.0,Eddie Newton,Eddie,Newton,1971-12-13,England,England,,M,Midfielder,1,34.0,8.0,12.0,5.0,11.0,11.0,1.0,1.0,,,,,,,,,,,,,,,,,,,,,,,,,,,,,,,,
253,1260.0,Steve Nicol,Steve,Nicol,1961-12-11,Scotland,Scotland,,D,Defender,1,32.0,12.0,8.0,,9.0,15.0,1.0,,,,,,,,,,,,,,,,,,1.0,,,,,,,,,,,,,,,
164,41782.0,Martyn O'Connor,Martyn,O'Connor,1967-12-10,England,England,,M,Midfielder,1,,,,,,,,,,,,,,,,,,,,,,,,,,,,,,,,,,,,,,,,
313,1653.0,John O'Kane,John,O'Kane,1974-11-15,England,England,,D,Defender,1,,,,,,,,,,,,,,,,,,,,,,,,,,,,,,,,,,,,,,,,
8,702.0,David O'Leary,David,O'Leary,1958-05-02,Ireland,Ireland,,D,Defender,1,11.0,1.0,3.0,,6.0,2.0,,,,,,,,,,,,,,,,,,,,,,,,,,,,,,,,,,
34,3378.0,Michael Oakes,Michael,Oakes,1973-10-30,England,England,1.0,G,Goalkeeper,1,,,,,,,,,,,,,,,,,,,,,,,,,,,,,,,,,,,,,,,,
122,116.0,Steve Ogrizovic,Steve,Ogrizovic,1957-09-12,England,England,,G,Goalkeeper,1,33.0,8.0,11.0,,12.0,10.0,,1.0,,,,,,,,,,,,,,,,,,,,,,,,,,,,,,,,
436,419.0,Ian Olney,Ian,Olney,1969-12-17,England,England,,F,Forward,1,34.0,3.0,6.0,12.0,16.0,12.0,2.0,3.0,,,,,,,,,,,,,,,,,,,,,,,,,,,,,,,,
402,386.0,Thorvaldu rlygsson,Thorvaldu,rlygsson,1966-08-02,Iceland,Iceland,,M,Midfielder,1,20.0,4.0,6.0,1.0,10.0,4.0,,,,,,,,,,,,,,,,,,,,,,,,,,,,,,,,,,
626,1315.0,Simon Osborn,Simon,Osborn,1972-01-19,England,England,,M,Midfielder,1,31.0,6.0,10.0,2.0,12.0,9.0,,1.0,,,,,,,,,,,,,,,,,,,,,,,,,,,,,,,,
320,1934.0,Gary Pallister,Gary,Pallister,1965-06-30,England,England,,D,Defender,1,42.0,18.0,12.0,1.0,6.0,24.0,3.0,1.0,,1.0,1.0,1.0,1.0,,90.0,,,,,0.0,,,,0.0,,,,,,,,,,,,,,,,
202,2230.0,Steve Palmer,Steve,Palmer,1968-03-31,England,England,,D,Defender,1,7.0,0.0,2.0,,2.0,3.0,,1.0,,,,,,,,,,,,,,,,,,,,,,,,,,,,,,,,
48,976.0,Garry Parker,Garry,Parker,1965-09-07,England,England,,M,Midfielder,1,37.0,11.0,10.0,9.0,9.0,18.0,,1.0,,,,,,,,,,,,,,,,,,,,,,,,,,,,,,,,
638,633.0,Gary Parkinson,Gary,Parkinson,1968-01-10,England,England,,D,Defender,1,4.0,0.0,1.0,,3.0,1.0,,1.0,,,,,,,,,,,,,,,,,,,,,,,,,,,,,,,,
19,3636.0,Ray Parlour,Ray,Parlour,1973-03-07,England,England,15.0,M,Midfielder,1,21.0,5.0,6.0,1.0,9.0,6.0,3.0,3.0,,,,,,,,,,,,,,,,,,,,,,,,,,,,,,,,
4,4.0,Colin Pates,Colin,Pates,1961-08-10,England,England,,D,Defender,1,7.0,1.0,1.0,,2.0,4.0,,,,,,,,,,,,,,,,,,,,,,,,,,,,,,,,,,
448,25912.0,Darren Peacock,Darren,Peacock,1968-02-03,England,England,,,,1,38.0,8.0,10.0,2.0,12.0,16.0,4.0,,,,,,,,,,,,,,,,,,,,,,,,,,,,,,,,,
353,339.0,Andy Peake,Andy,Peake,1961-10-01,England,England,,D,Defender,1,33.0,7.0,7.0,,16.0,10.0,7.0,2.0,,,,,,,,,,,,,,,,,,,,,,,,,,,,,,,,
96,30403.0,Ian Pearce,Ian,Pearce,1974-05-07,England,England,,D,Defender,1,1.0,0.0,,,1.0,,1.0,,,,,,,,,,,,,,,,,,,,,,,,,,,,,,,,,
345,146001.0,Steve Pears,Steve,Pears,1962-01-22,England,England,27.0,G,Goalkeeper,1,26.0,4.0,6.0,,15.0,5.0,1.0,,,,,,,,,,,,,,,,,,,,,,,,,,,,,,,,,
503,1224.0,Nigel Pearson,Nigel,Pearson,1963-08-21,England,England,,D,Defender,1,16.0,3.0,7.0,1.0,5.0,4.0,,,,,,,,,,,,,,,,,,,,,,,,,,,,,,,,,,
483,706.0,John Pemberton,John,Pemberton,1964-11-18,England,England,,M,Midfielder,1,19.0,4.0,5.0,,7.0,7.0,4.0,,,,,,,,,,,,,,,,,,2.0,,,,,,,,,,,,,,,
210,202.0,Glenn Pennyfather,Glenn,Pennyfather,1963-02-11,England,England,,M,Midfielder,1,4.0,0.0,1.0,,2.0,1.0,,,,,,,,,,,,,,,,,,,,,,,,,,,,,,,,,,
465,447.0,Gary Penrice,Gary,Penrice,1964-03-23,England,England,,F,Forward,1,15.0,1.0,4.0,6.0,5.0,6.0,1.0,,,,,,,,,,,,,,,,,,,,,,,,,,,,,,,,,
587,97107.0,Chris Perry,Chris,Perry,1973-04-26,England,England,5.0,D,Defender,1,,,,,,,,,,,,,,,,,,,,,,,,,,,,,,,,,,,,,,,,
629,1839.0,Andy Petterson,Andy,Petterson,1969-09-26,Australia,Australia,,G,Goalkeeper,1,1.0,0.0,,,,1.0,,,,,,,,,,,,,,,,,,,,,,,,,,,,,,,,,,
224,146817.0,Paul Pettinger,Paul,Pettinger,1975-10-01,England,England,30.0,G,Goalkeeper,1,,,,,,,,,,,,,,,,,,,,,,,,,,,,,,,,,,,,,,,,
173,886.0,Gerry Peyton,Gerry,Peyton,1956-05-20,Ireland,Ireland,,G,Goalkeeper,1,1.0,0.0,,,1.0,,,,,,,,,,,,,,,,,,,,,,,,,,,,,,,,,,,
291,1381.0,Terry Phelan,Terry,Phelan,1967-03-16,Ireland,Ireland,,D,Defender,1,37.0,10.0,11.0,,12.0,14.0,4.0,4.0,,,,,,,,,,,,,,,,,2.0,,,,,,,,,,,,,,,
355,41814.0,Jimmy Phillips,Jimmy,Phillips,1966-02-08,England,England,18.0,M,Midfielder,1,40.0,7.0,11.0,2.0,18.0,11.0,3.0,6.0,,,,,,,,,,,,,,,,,1.0,,,,,,,,,,,,,,,
257,247.0,Torben Piechnik,Torben,Piechnik,1963-05-21,Denmark,Denmark,,D,Defender,1,16.0,3.0,2.0,,8.0,6.0,2.0,,,,,,,,,,,,,,,,,,,,,,,,,,,,,,,,,
308,135707.0,Kevin Pilkington,Kevin,Pilkington,1974-03-08,England,England,44.0,G,Goalkeeper,1,,,,,,,,,,,,,,,,,,,,,,,,,,,,,,,,,,,,,,,,
420,403.0,Neil Pointon,Neil,Pointon,1964-11-28,England,England,,D,Defender,1,34.0,2.0,8.0,3.0,16.0,10.0,5.0,1.0,,,,,,,,,,,,,,,,,,,,,,,,,,,,,,,,
362,1781.0,Jamie Pollock,Jamie,Pollock,1974-02-16,England,England,,M,Midfielder,1,22.0,2.0,5.0,1.0,10.0,8.0,8.0,1.0,,,,,,,,,,,,,,,,,,,,,,,,,,,,,,,,
372,357.0,John Polston,John,Polston,1968-06-10,England,England,,D,Defender,1,34.0,9.0,8.0,1.0,9.0,17.0,3.0,,,,,,,,,,,,,,,,,,,,,,,,,,,,,,,,,
542,523.0,Lee Powell,Lee,Powell,1973-06-02,Wales,Wales,,F,Forward,1,2.0,0.0,2.0,,,,,,,,,,,,,,,,,,,,,,,,,,,,,,,,,,,,,
391,376.0,Lee Power,Lee,Power,1972-06-30,England,England,,F,Forward,1,18.0,2.0,3.0,6.0,5.0,10.0,1.0,1.0,,,,,,,,,,,,,,,,,,,,,,,,,,,,,,,,
191,184.0,Preki,Predrag,Radosavljevic,1963-06-24,United States,United States,,M,Midfielder,1,23.0,4.0,4.0,3.0,12.0,7.0,,,,,,,,,,,,,,,,,,,,,,,,,,,,,,,,,,
417,400.0,Ian Gray,Ian,Gray,1975-02-25,Scotland,Scotland,,G,Goalkeeper,1,,,,,,,,,,,,,,,,,,,,,,,,,,,,,,,,,,,,,,,,
126,120.0,Chris Greenman,Chris,Greenman,1968-12-22,England,England,,D,Defender,1,2.0,0.0,1.0,,1.0,,,,,,,,,,,,,,,,,,,,,,,,,,,,,,,,,,,
213,205.0,David Gregory,David,Gregory,1970-01-23,England,England,,M,Midfielder,1,3.0,0.0,1.0,1.0,1.0,1.0,,,,,,,,,,,,,,,,,,,,,,,,,,,,,,,,,,
251,1795.0,Bruce Grobbelaar,Bruce,Grobbelaar,1957-10-06,Zimbabwe,Zimbabwe,,G,Goalkeeper,1,5.0,1.0,1.0,,1.0,3.0,,,,,,,,,,,,,,,,,,,,,,,,,,,,,,,,,,
529,509.0,Perry Groves,Perry,Groves,1965-04-19,England,England,,M,Midfielder,1,16.0,0.0,4.0,2.0,7.0,5.0,2.0,1.0,,,,,,,,,,,,,,,,,,,,,,,,,,,,,,,,
221,213.0,Bontcho Guenchev,Bontcho,Guenchev,1964-07-07,Bulgaria,Bulgaria,,F,Forward,1,21.0,3.0,5.0,3.0,12.0,4.0,1.0,1.0,,,,,,,,,,,,,,,,,,,,,,,,,,,,,,,,
371,356.0,Bryan Gunn,Bryan,Gunn,1963-12-22,Scotland,Scotland,,G,Goalkeeper,1,42.0,11.0,9.0,,12.0,21.0,1.0,,,,,,,,,,,,,,,,,,,,,,,,,,,,,,,,,
618,602.0,Micky Gynn,Micky,Gynn,1961-08-19,England,England,,M,Midfielder,1,20.0,5.0,3.0,3.0,9.0,8.0,,2.0,,,,,,,,,,,,,,,,,,,,,,,,,,,,,,,,
99,1472.0,Gareth Hall,Gareth,Hall,1969-03-20,England,Wales,,D,Defender,1,37.0,8.0,11.0,2.0,13.0,13.0,6.0,,,,,,,,,,,,,,,,,,,,,,,,,,,,,,,,,
423,2069.0,Gunnar Halle,Gunnar,Halle,1965-08-11,Norway,Norway,,D,Defender,1,41.0,3.0,10.0,5.0,18.0,13.0,2.0,7.0,,,,,,,,,,,,,,,,,,,,,,,,,,,,,,,,
415,398.0,Jon Hallworth,Jon,Hallworth,1965-10-26,England,England,,G,Goalkeeper,1,16.0,1.0,6.0,,7.0,3.0,,,,,,,,,,,,,,,,,,,,,,,,,,,,,,,,,,
614,1076.0,Mick Harford,Mick,Harford,1959-02-12,England,England,,F,Forward,1,28.0,7.0,7.0,9.0,11.0,10.0,5.0,2.0,,,,,,,,,,,,,,,,,,,,,,,,,,,,,,,,
508,2041.0,John Harkes,John,Harkes,1967-03-08,United States,United States,,M,Midfielder,1,29.0,6.0,9.0,2.0,8.0,12.0,1.0,,,,,,,,,,,,,,,,,,,,,,,,,,,,,,,,,
254,244.0,Steve Harkness,Steve,Harkness,1971-08-27,England,England,,D,Defender,1,10.0,1.0,4.0,1.0,3.0,3.0,,,,,,,,,,,,,,,,,,,,,,,,,,,,,,,,,,
183,176.0,Alan Harper,Alan,Harper,1960-11-01,England,England,,D,Defender,1,18.0,3.0,2.0,,10.0,6.0,,1.0,,,,,,,,,,,,,,,,,,,,,,,,,,,,,,,,
485,467.0,Charlie Hartfield,Charlie,Hartfield,1971-09-14,England,England,,M,Midfielder,1,17.0,4.0,3.0,,7.0,7.0,3.0,1.0,,,,,,,,,,,,,,,,,,,,,,,,,,,,,,,,
628,1294.0,Paul Heald,Paul,Heald,1968-09-20,England,England,,G,Goalkeeper,1,,,,,,,,,,,,,,,,,,,,,,,,,,,,,,,,,,,,,,,,
28,41924.0,Neil Heaney,Neil,Heaney,1972-08-11,England,England,,F,Forward,1,5.0,1.0,2.0,,3.0,,,,,,,,,,,,,,,,,,,,,,,,,,,,,,,,,,,
559,539.0,Ian Hendon,Ian,Hendon,1971-12-05,England,England,,D,Defender,1,,,,,,,,,,,,,,,,,,,,,,,,,,,,,,,,,,,,,,,,
366,1567.0,John Hendrie,John,Hendrie,1963-10-24,Scotland,Scotland,,F,Forward,1,32.0,7.0,8.0,9.0,14.0,10.0,2.0,7.0,,,,,,,,,,,,,,,,,,,,,,,,,,,,,,,,
75,2604.0,Colin Hendry,Colin,Hendry,1965-12-07,Scotland,Scotland,,D,Defender,1,41.0,19.0,11.0,1.0,11.0,19.0,6.0,2.0,,,,,,,,,,,,,,,,,1.0,,,,,,,,,,,,,,,
428,411.0,Nick Henry,Nick,Henry,1969-02-21,England,England,,M,Midfielder,1,32.0,3.0,7.0,6.0,13.0,12.0,3.0,5.0,,,,,,,,,,,,,,,,,1.0,,,,,,,,,,,,,,,
365,3266.0,Craig Hignett,Craig,Hignett,1970-01-12,England,England,,F,Forward,1,21.0,3.0,4.0,4.0,13.0,4.0,,2.0,,,,,,,,,,,,,,,,,,,,,,,,,,,,,,,,
613,594.0,Keith Hill,Keith,Hill,1969-05-17,England,England,,D,Defender,1,1.0,0.0,1.0,,,,,,,,,,,,,,,,,,,,,,,,,,,,,,,,,,,,,
18,41977.0,David Hillier,David,Hillier,1969-12-19,England,England,,M,Midfielder,1,30.0,10.0,6.0,1.0,11.0,13.0,1.0,2.0,,,,,,,,,,,,,,,,,,,,,,,,,,,,,,,,
179,1726.0,Andy Hinchcliffe,Andy,Hinchcliffe,1969-02-05,England,England,,D,Defender,1,25.0,7.0,6.0,1.0,12.0,7.0,,3.0,,,,,,,,,,,,,,,,,,,,,,,,,,,,,,,,
514,1749.0,David Hirst,David,Hirst,1967-12-07,England,England,,F,Forward,1,22.0,4.0,10.0,11.0,5.0,7.0,2.0,4.0,,,,,,,,,,,,,,,,,,,,,,,,,,,,,,,,
92,88.0,Kevin Hitchcock,Kevin,Hitchcock,1962-10-05,England,England,,G,Goalkeeper,1,20.0,7.0,6.0,,7.0,7.0,,,,,,,,,,,,,,,,,,,,,,,,,,,,,,,,,,
240,1101.0,Steve Hodge,Steve,Hodge,1962-10-25,England,England,,M,Midfielder,1,23.0,1.0,11.0,2.0,8.0,4.0,2.0,1.0,,,,,,,,,,,,,,,,,,,,,,,,,,,,,,,,
480,2042.0,Glyn Hodges,Glyn,Hodges,1963-04-30,England,Wales,,M,Midfielder,1,31.0,5.0,8.0,4.0,14.0,9.0,5.0,7.0,1.0,,,,,,,,,,,,,,,,,,,,,,,,,,,,,,,
296,761.0,Richard Holden,Richard,Holden,1964-09-09,England,England,,M,Midfielder,1,41.0,10.0,12.0,3.0,14.0,15.0,3.0,9.0,,,,,,,,,,,,,,,,,,,,,,,,,,,,,,,,
603,1599.0,Dean Holdsworth,Dean,Holdsworth,1968-11-08,England,England,,F,Forward,1,36.0,9.0,8.0,19.0,14.0,14.0,2.0,1.0,,,,,,,,,,,,,,,,,,,,,,,,,,,,,,,,
446,428.0,Ian Holloway,Ian,Holloway,1963-03-12,England,England,,D,Defender,1,24.0,2.0,6.0,2.0,8.0,10.0,2.0,1.0,,,,,,,,,,,,,,,,,,,,,,,,,,,,,,,,
182,42073.0,Paul Holmes,Paul,Holmes,1968-02-18,England,England,,D,Defender,1,4.0,2.0,1.0,,1.0,2.0,,,,,,,,,,,,,,,,,,,,,,,,,,,,,,,,,,
250,726.0,Mike Hooper,Mike,Hooper,1964-02-10,England,England,,G,Goalkeeper,1,9.0,2.0,1.0,,4.0,4.0,,,,,,,,,,,,,,,,,,,,,,,,,,,,,,,,,,
108,2530.0,David Hopkin,David,Hopkin,1970-08-21,Scotland,Scotland,,M,Midfielder,1,4.0,0.0,1.0,,1.0,2.0,,,,,,,,,,,,,,,,,,,,,,,,,,,,,,,,,,
186,2177.0,Barry Horne,Barry,Horne,1962-05-18,Wales,Wales,,M,Midfielder,1,34.0,7.0,7.0,1.0,16.0,11.0,3.0,1.0,,,,,,,,,,,,,,,,,,,,,,,,,,,,,,,,
47,937.0,Ray Houghton,Ray,Houghton,1962-01-06,Ireland,Ireland,,M,Midfielder,1,39.0,15.0,11.0,3.0,9.0,19.0,1.0,7.0,,,,,,,,,,,,,,,,,,,,,,,,,,,,,,,,
560,1992.0,David Howells,David,Howells,1967-12-15,England,England,,M,Midfielder,1,18.0,5.0,3.0,1.0,6.0,9.0,1.0,1.0,,,,,,,,,,,,,,,,,,,,,,,,,,,,,,,,
477,458.0,Jamie Hoyland,Jamie,Hoyland,1966-01-23,England,England,,D,Defender,1,22.0,5.0,3.0,2.0,11.0,8.0,,2.0,,,,,,,,,,,,,,,,,,,,,,,,,,,,,,,,
339,2598.0,Mark Hughes,Mark,Hughes,1963-11-01,Wales,Wales,,F,Forward,1,41.0,16.0,12.0,15.0,6.0,23.0,7.0,3.0,,1.0,1.0,1.0,1.0,1.0,90.0,1.0,1.0,,,0.0,1.0,1.0,1.0,0.0,,,,,,,,,,,,,,1.0,1.0,
147,141.0,John Humphrey,John,Humphrey,1961-01-31,England,England,,D,Defender,1,32.0,8.0,11.0,,12.0,9.0,1.0,,,,,,,,,,,,,,,,,,,,,,,,,,,,,,,,,
534,515.0,Terry Hurlock,Terry,Hurlock,1958-09-22,England,England,,M,Midfielder,1,30.0,6.0,10.0,,13.0,7.0,8.0,,1.0,,,,,,,,,,,,,,,,,,,,,,,,,,,,,,,
137,131.0,Lee Hurst,Lee,Hurst,1970-09-21,England,England,,M,Midfielder,1,35.0,8.0,11.0,2.0,13.0,11.0,2.0,3.0,,,,,,,,,,,,,,,,,,,,,,,,,,,,,,,,
272,1067.0,Don Hutchison,Don,Hutchison,1971-05-09,Scotland,Scotland,,M,Midfielder,1,31.0,8.0,6.0,7.0,12.0,13.0,2.0,3.0,,,,,,,,,,,,,,,,,,,,,,,,,,,,,,,,
505,486.0,Graham Hyde,Graham,Hyde,1970-11-10,England,England,,M,Midfielder,1,20.0,2.0,7.0,1.0,6.0,7.0,3.0,1.0,,,,,,,,,,,,,,,,,,,,,,,,,,,,,,,,
453,1915.0,Andy Impey,Andy,Impey,1971-09-30,England,England,2.0,M,Midfielder,1,40.0,8.0,12.0,2.0,13.0,15.0,1.0,2.0,,,,,,,,,,,,,,,,,,,,,,,,,,,,,,,,
326,3400.0,Paul Ince,Paul,Ince,1967-10-21,England,England,8.0,M,Midfielder,1,41.0,17.0,11.0,6.0,6.0,24.0,5.0,1.0,,1.0,1.0,1.0,1.0,,90.0,,,,,0.0,,,,0.0,,,,,,,,,,,,,,,,
284,145989.0,Kare Ingebrigtsen,Kare,Ingebrigtsen,1965-11-11,Norway,Norway,,M,Midfielder,1,7.0,0.0,3.0,,2.0,2.0,,,,,,,,,,,,,,,,,,,,,,,,,,,,,,,,,,
77,74.0,Simon Ireland,Simon,Ireland,1971-11-23,England,England,,M,Midfielder,1,1.0,0.0,,,1.0,,,,,,,,,,,,,,,,,,,,,,,,,,,,,,,,,,,
346,332.0,Ian Ironside,Ian,Ironside,1964-03-08,England,England,,G,Goalkeeper,1,12.0,2.0,3.0,,6.0,3.0,,,,,,,,,,,,,,,,,,,,,,,,,,,,,,,,,,
315,3386.0,Denis Irwin,Denis,Irwin,1965-10-31,Ireland,Ireland,,D,Defender,1,40.0,17.0,12.0,5.0,4.0,24.0,,3.0,,1.0,1.0,1.0,1.0,,90.0,,,,,0.0,,,,0.0,,,,,,,,,,,,,,,,
177,4052.0,Matt Jackson,Matt,Jackson,1971-10-19,England,England,4.0,D,Defender,1,27.0,8.0,4.0,3.0,12.0,11.0,,1.0,,,,,,,,,,,,,,,,,,,,,,,,,,,,,,,,
252,55236.0,David James,David,James,1970-08-01,England,England,1.0,G,Goalkeeper,1,29.0,9.0,9.0,,11.0,9.0,,,1.0,,,,,,,,,,,,,,,,,,,,,,,,,,,,,,,
512,41965.0,Nigel Jemson,Nigel,Jemson,1969-08-10,England,England,,F,Forward,1,13.0,1.0,2.0,,6.0,5.0,,2.0,,,,,,,,,,,,,,,,,,,,,,,,,,,,,,,,
175,168.0,Iain Jenkins,Iain,Jenkins,1972-11-24,England,Northern Ireland,,D,Defender,1,1.0,0.0,,,1.0,,,,,,,,,,,,,,,,,,,,,,,,,,,,,,,,,,,
140,134.0,Leigh Jenkinson,Leigh,Jenkinson,1969-07-09,England,England,,F,Forward,1,5.0,0.0,2.0,,3.0,,,,,,,,,,,,,,,,,,,,,,,,,,,,,,,,,,,
17,145641.0,John Jensen,John,Jensen,1965-05-03,Denmark,Denmark,,M,Midfielder,1,32.0,9.0,10.0,,11.0,11.0,5.0,,,,,,,,,,,,,,,,,,,,,,,,,,,,,,,,,
425,2543.0,Richard Jobson,Richard,Jobson,1963-05-09,England,England,,D,Defender,1,40.0,3.0,10.0,2.0,18.0,12.0,7.0,5.0,,,,,,,,,,,,,,,,,,,,,,,,,,,,,,,,
101,97.0,Erland Johnsen,Erland,Johnsen,1967-04-05,Norway,Norway,,D,Defender,1,13.0,2.0,4.0,,4.0,5.0,2.0,,,,,,,,,,,,,,,,,,,,,,,,,,,,,,,,,
209,95235.0,Gavin Johnson,Gavin,Johnson,1970-10-10,England,England,,M,Midfielder,1,40.0,11.0,16.0,5.0,12.0,12.0,2.0,3.0,,,,,,,,,,,,,,,,,,,,,,,,,,,,,,,,
197,190.0,Mo Johnston,Mo,Johnston,1963-04-13,Scotland,Scotland,,F,Forward,1,13.0,1.0,2.0,3.0,8.0,3.0,,,,,,,,,,,,,,,,,,,,,,,,,,,,,,,,,,
599,577.0,Vinnie Jones,Vinnie,Jones,1965-01-05,Wales,Wales,,M,Midfielder,1,34.0,9.0,13.0,2.0,11.0,10.0,8.0,1.0,1.0,,,,,,,,,,,,,,,,,,,,,,,,,,,,,,,
588,566.0,Roger Joseph,Roger,Joseph,1965-12-24,England,England,,D,Defender,1,32.0,11.0,7.0,,14.0,11.0,1.0,1.0,,,,,,,,,,,,,,,,,,,,,,,,,,,,,,,,
357,465.0,Chris Kamara,Chris,Kamara,1957-12-25,England,England,,M,Midfielder,1,13.0,1.0,3.0,,8.0,2.0,2.0,,,,,,,,,,,,,,,,,,,,,,,,,,,,,,,,,
324,3127.0,Andrei Kanchelskis,Andrei,Kanchelskis,1969-01-23,Russia,Russia,,F,Forward,1,27.0,2.0,9.0,3.0,5.0,13.0,,1.0,,,,,,,,,,,,,,,,,,,,,,,,,,,,,,,,
358,26864.0,Graham Kavanagh,Graham,Kavanagh,1973-12-02,Ireland,Ireland,8.0,M,Midfielder,1,10.0,1.0,2.0,,6.0,2.0,1.0,,,,,,,,,,,,,,,,,,,,,,,,,,,,,,,,,
407,119241.0,Roy Keane,Roy,Keane,1971-08-10,Ireland,Ireland,16.0,M,Midfielder,1,40.0,9.0,10.0,6.0,20.0,10.0,7.0,2.0,,,,,,,,,,,,,,,,,,,,,,,,,,,,,,,,
171,123757.0,Jason Kearton,Jason,Kearton,1969-07-09,Australia,Australia,,G,Goalkeeper,1,5.0,0.0,1.0,,3.0,1.0,,,,,,,,,,,,,,,,,,,,,,,,,,,,,,,,,,
648,646.0,John Keeley,John,Keeley,1961-07-27,England,England,,G,Goalkeeper,1,1.0,0.0,,,,1.0,,,,,,,,,,,,,,,,,,,,,,,,,,,,,,,,,,
437,420.0,Orpheo Keizerweerd,Orpheo,Keizerweerd,1968-11-21,Netherlands,Netherlands,,F,Forward,1,1.0,0.0,,,1.0,,,,,,,,,,,,,,,,,,,,,,,,,,,,,,,,,,,
469,2576.0,Alan Kelly,Alan,Kelly,1968-08-11,Ireland,Ireland,,G,Goalkeeper,1,33.0,9.0,8.0,,14.0,11.0,,1.0,,,,,,,,,,,,,,,,,,,,,,,,,,,,,,,,
524,2822.0,Jeff Kenna,Jeff,Kenna,1970-08-27,Ireland,Ireland,,D,Defender,1,29.0,7.0,8.0,2.0,12.0,9.0,,2.0,,2.0,1.0,2.0,2.0,,90.0,,,,,0.0,,,,0.0,,,,,,,,,,,,,,,,
185,760.0,Billy Kenny,Billy,Kenny,1973-09-19,England,England,,M,Midfielder,1,17.0,2.0,4.0,1.0,8.0,5.0,2.0,2.0,,,,,,,,,,,,,,,,,,,,,,,,,,,,,,,,
14,110016.0,Martin Keown,Martin,Keown,1966-07-24,England,England,,D,Centre Central Defender,1,29.0,9.0,7.0,,12.0,10.0,1.0,,,,,,,,,,,,,,,,,,,,,,,,,,,,,,,,,
352,712.0,Alan Kernaghan,Alan,Kernaghan,1967-04-25,England,Ireland,,D,Defender,1,22.0,6.0,6.0,2.0,9.0,7.0,1.0,,1.0,,,,,,,,,,,,,,,,,,,,,,,,,,,,,,,
233,224.0,Dylan Kerr,Dylan,Kerr,1967-01-14,Malta,Malta,,D,Defender,1,5.0,0.0,2.0,,2.0,1.0,,,,,,,,,,,,,,,,,,,,,,,,,,,,,,,,,,
230,42163.0,David Kerslake,David,Kerslake,1966-06-19,England,England,,D,Defender,1,8.0,2.0,3.0,,3.0,2.0,,1.0,,,,,,,,,,,,,,,,,,,,,,,,,,,,,,,,
494,28684.0,Lance Key,Lance,Key,1968-05-17,England,England,,G,Goalkeeper,1,,,,,,,,,,,,,,,,,,,,,,,,,,,,,,,,,,,,,,,,
93,89.0,Dmitri Kharin,Dmitri,Kharin,1968-08-16,Russia,Russia,,G,Goalkeeper,1,5.0,0.0,1.0,,2.0,2.0,,,,,,,,,,,,,,,,,,,,,,,,,,,,,,,,,,
405,389.0,Ian Kilford,Ian,Kilford,1973-06-10,England,England,,M,Midfielder,1,,,,,,,,,,,,,,,,,,,,,,,,,,,,,,,,,,,,,,,,
498,42044.0,Phil King,Phil,King,1967-12-28,England,England,,D,Defender,1,12.0,1.0,5.0,1.0,3.0,4.0,,2.0,,,,,,,,,,,,,,,,,,,,,,,,,,,,,,,,
222,896.0,Chris Kiwomya,Chris,Kiwomya,1969-12-02,England,England,,F,Forward,1,38.0,9.0,14.0,10.0,14.0,10.0,3.0,2.0,,,,,,,,,,,,,,,,,,,,,,,,,,,,,,,,
268,258.0,Istvan Kozma,Istvan,Kozma,1964-12-03,Hungary,Hungary,,M,Midfielder,1,1.0,0.0,,,1.0,,,,,,,,,,,,,,,,,,,,,,,,,,,,,,,,,,,
36,1469.0,Dariusz Kubicki,Dariusz,Kubicki,1963-06-06,Poland,Poland,,D,Defender,1,,,,,,,,,,,,,,,,,,,,,,,,,,,,,,,,,,,,,,,,
302,291.0,Paul Lake,Paul,Lake,1968-10-28,England,England,,M,Midfielder,1,2.0,0.0,1.0,,1.0,,,,,,,,,,,,,,,,,,,,,,,,,,,,,,,,,,,
56,54.0,Henrik Larsen,Henrik,Larsen,1966-05-17,Denmark,Denmark,,F,Forward,1,,,,,,,,,,,,,,,,,,,,,,,,,,,,,,,,,,,,,,,,
644,641.0,Brian Laws,Brian,Laws,1961-10-14,England,England,,D,Defender,1,33.0,6.0,8.0,,18.0,7.0,3.0,,,,,,,,,,,,,,,,,,,,,,,,,,,,,,,,,
70,110013.0,Graeme Le Saux,Graeme,Le Saux,1968-10-17,England,England,,D,Defender,1,23.0,3.0,4.0,,8.0,11.0,2.0,3.0,,,,,,,,,,,,,,,,,,,,,,,,,,,,,,,,
533,513.0,Matthew Le Tissier,Matthew,Le Tissier,1968-10-14,England,England,,M,Midfielder,1,40.0,7.0,10.0,15.0,17.0,13.0,5.0,10.0,,,1.0,,,,65.0,,1.0,,,0.0,,1.0,1.0,0.0,,,,,,,,,,,,,,1.0,1.0,1.0
106,102.0,David Lee,David,Lee,1969-11-26,England,England,,D,Defender,1,25.0,7.0,6.0,2.0,9.0,10.0,1.0,,,,,,,,,,,,,,,,,,,,,,,,,,,,,,,,,
22,42092.0,Anders Limpar,Anders,Limpar,1965-09-24,Sweden,Sweden,,M,Midfielder,1,23.0,0.0,5.0,2.0,8.0,10.0,1.0,2.0,,,,,,,,,,,,,,,,,,,,,,,,,,,,,,,,
12,1620.0,Andy Linighan,Andy,Linighan,1962-06-18,England,England,,D,Defender,1,21.0,8.0,10.0,2.0,6.0,5.0,1.0,,,,,,,,,,,,,,,,,,,,,,,,,,,,,,,,,
490,472.0,Adrian Littlejohn,Adrian,Littlejohn,1970-09-26,England,England,,F,Forward,1,27.0,5.0,6.0,8.0,12.0,9.0,4.0,2.0,,,,,,,,,,,,,,,,,,,,,,,,,,,,,,,,
118,41862.0,Steve Livingstone,Steve,Livingstone,1969-09-08,England,England,,F,Forward,1,3.0,0.0,1.0,,2.0,,,,,,,,,,,,,,,,,,,,,,,,,,,,,,,,,,,
293,1505.0,Steve Lomas,Steve,Lomas,1974-01-18,Germany,Northern Ireland,,M,Midfielder,1,,,,,,,,,,,,,,,,,,,,,,,,,,,,,,,,,,,,,,,,
225,1320.0,John Lukic,John,Lukic,1960-12-11,England,England,,G,Goalkeeper,1,39.0,11.0,14.0,,13.0,12.0,1.0,,,,,,,,,,,,,,,,,,,,,,,,,,,,,,,,,
6,6.0,Pal Lydersen,Pal,Lydersen,1965-09-10,Norway,Norway,,D,Defender,1,8.0,1.0,3.0,,5.0,,,,,,,,,,,,,,,,,,,,,,,,,,,,,,,,,,,
549,529.0,Gary Mabbutt,Gary,Mabbutt,1961-08-23,England,England,,D,Defender,1,29.0,8.0,5.0,2.0,10.0,14.0,,1.0,,,,,,,,,,,,,,,,,,,,,,,,,,,,,,,,
166,160.0,Lou Macari,Lou,Macari,1943-07-30,Scotland,Scotland,,M,Midfielder,1,,,,,,,,,,,,,,,,,,,,,,,,,,,,,,,,,,,,,,,,
